"";"date";"period";"trap";"ind";"sex";"wgt";"cap";"com";"trapsession";"station";"check";"trapline"
"1";2018-05-29;"june";"8";"1001";"m";52;"n";NA;1;1;2;NA
"2";2018-05-30;"june";"9";"1001";"m";52;NA;NA;1;1;3;NA
"3";2018-05-31;"june";"14";"1001";"m";52;NA;NA;1;1;2;NA
"4";2018-05-30;"june";"16";"1003";"m";48;"n";NA;1;2;1;NA
"5";2018-05-31;"june";"17";"1003";"m";46;NA;NA;1;2;2;NA
"6";2018-05-30;"june";"42";"1004";"m";48;"n";NA;1;2;3;NA
"7";2018-05-31;"june";"43";"1004";"m";49;NA;NA;1;2;1;NA
"8";2018-05-31;"june";"8";"1005";"m";54;"n";NA;1;1;2;NA
"9";2018-05-31;"june";"42";"1010";"f";29;"n";"årsunge";1;2;3;NA
"10";2018-05-29;"june";"16";"2002";"f";45;"n";NA;1;2;1;NA
"11";2018-05-30;"june";"17";"2002";"f";43;NA;NA;1;2;2;NA
"12";2018-05-31;"june";"16";"2002";"f";43;NA;NA;1;2;1;NA
"13";2018-07-10;"july";"18";"484";"m";53;"n";NA;2;2;3;NA
"14";2018-07-12;"july";"21";"484";"m";55;NA;NA;2;2;3;NA
"15";2018-07-09;"july";"29";"536";"f";27;"n";NA;2;3;2;NA
"16";2018-07-12;"july";"30";"536";"f";26;NA;NA;2;3;3;NA
"17";2018-07-12;"july";"27";"568";"f";30;"n";NA;2;3;3;NA
"18";2018-07-12;"july";"6";"579";"f";28;"n";NA;2;1;3;NA
"19";2018-07-12;"july";"41";"587";"n";40;"n";NA;2;3;2;NA
"20";2018-07-12;"july";"4";"632";"f";56;"n";NA;2;1;1;NA
"21";2018-07-10;"july";"41";"666";"f";36;"n";"døde";2;3;2;NA
"22";2018-07-09;"july";"18";"772";"f";50;"g";"merket 2002, døde";2;2;3;NA
"23";2018-07-09;"july";"14";"4b6";"m";45;"n";NA;2;1;2;NA
"24";2018-07-12;"july";"5";"4b6";"m";44;NA;NA;2;1;2;NA
"25";2018-07-10;"july";"6";"5bb";"m";42;"n";NA;2;1;3;NA
"26";2018-07-12;"july";"8";"5bb";"m";44;NA;NA;2;1;2;NA
"27";2018-07-10;"july";"15";"6a6";"m";47;"n";NA;2;2;3;NA
"28";2018-07-12;"july";"19";"6a6";"m";45;NA;NA;2;2;1;NA
"29";2018-07-12;"july";"33";"6ad";"f";26;"n";NA;2;3;3;NA
"30";2018-07-10;"july";"40";"6ca";"f";46;"g";"merket 1010";2;3;1;NA
"31";2018-07-12;"july";"32";"6ef";NA;45;"n";NA;2;3;2;NA
"32";2018-07-12;"july";"11";"76f";"m";43;"n";NA;2;1;2;NA
"33";2018-07-09;"july";"15";"79a";"f";38;"n";NA;2;2;3;NA
"34";2018-07-12;"july";"42";"79a";"f";36;NA;NA;2;2;3;NA
"35";2018-07-10;"july";"30";"7a4";"m";47;"n";NA;2;3;3;NA
"36";2018-07-12;"july";"31";"7a4";"m";47;NA;NA;2;3;1;NA
"37";2018-07-10;"july";"33";"7c4";"f";29;"n";NA;2;3;3;NA
"38";2018-07-12;"july";"35";"7c4";"f";29;NA;NA;2;3;2;NA
"39";2018-07-09;"july";"19";"7fa";"f";21;"n";NA;2;2;1;NA
"40";2018-07-12;"july";"38";"7fa";"f";21;NA;NA;2;3;2;NA
"41";2018-08-01;"august";"39";"438";"f";33;"n";NA;3;3;3;NA
"42";2018-08-02;"august";"31";"438";"f";32;NA;NA;3;3;1;NA
"43";2018-08-02;"august";"32";"439";"f";30;"n";NA;3;3;2;NA
"44";2018-08-02;"august";"2";"501";"m";52;"n";NA;3;1;2;NA
"45";2018-08-02;"august";"13";"520";"f";48;"n";NA;3;1;1;NA
"46";2018-07-31;"august";"16";"524";"f";22;"n";NA;3;2;1;NA
"47";2018-08-02;"august";"45";"524";"f";24;NA;NA;3;2;3;NA
"48";2018-07-31;"august";"40";"526";"f";36;"n";NA;3;3;1;NA
"49";2018-07-31;"august";"37";"530";"m";32;"n";NA;3;3;1;NA
"50";2018-08-02;"august";"33";"530";"m";34;NA;NA;3;3;3;NA
"51";2018-08-01;"august";"17";"542";"f";24;"n";NA;3;2;2;NA
"52";2018-07-31;"august";"30";"568";"f";42;"g";"pels";3;3;3;NA
"53";2018-08-02;"august";"30";"568";"f";42;NA;NA;3;3;3;NA
"54";2018-08-01;"august";"23";"577";"m";40;"n";NA;3;3;2;NA
"55";2018-08-01;"august";"8";"579";"f";50;"g";NA;3;1;2;NA
"56";2018-08-01;"august";"36";"607";"f";32;"n";NA;3;3;3;NA
"57";2018-08-01;"august";"42";"618";"f";31;"n";NA;3;2;3;NA
"58";2018-08-02;"august";"19";"618";"f";33;NA;NA;3;2;1;NA
"59";2018-08-01;"august";"10";"688";"f";22;"n";NA;3;1;1;NA
"60";2018-08-02;"august";"11";"688";"f";23;NA;NA;3;1;2;NA
"61";2018-08-02;"august";"14";"768";"f";35;"n";NA;3;1;2;NA
"62";2018-07-31;"august";"23";"800";"f";31;"n";NA;3;3;2;NA
"63";2018-07-31;"august";"42";"46a";"m";51;"n";NA;3;2;3;NA
"64";2018-08-01;"august";"18";"46a";"m";54;NA;NA;3;2;3;NA
"65";2018-08-02;"august";"17";"46a";"m";55;NA;NA;3;2;2;NA
"66";2018-07-31;"august";"45";"47a";"f";23;"n";NA;3;2;3;NA
"67";2018-08-02;"august";"41";"47a";"f";25;NA;NA;3;3;2;NA
"68";2018-08-01;"august";"4";"47d";"f";36;"n";NA;3;1;1;NA
"69";2018-07-31;"august";"15";"4a4";"f";38;"n";NA;3;2;3;NA
"70";2018-08-01;"august";"15";"4a4";"f";39;NA;NA;3;2;3;NA
"71";2018-08-02;"august";"15";"4a4";"f";39;NA;NA;3;2;3;NA
"72";2018-08-02;"august";"25";"4ae";"m";50;"n";NA;3;3;1;NA
"73";2018-08-01;"august";"2";"4b6";"m";49;"g";"pels";3;1;2;NA
"74";2018-08-02;"august";"38";"4c2";"m";47;"n";NA;3;3;2;NA
"75";2018-08-02;"august";"12";"4ea";"m";50;"n";NA;3;1;3;NA
"76";2018-07-31;"august";"11";"51a";"f";20;"n";NA;3;1;2;NA
"77";2018-08-01;"august";"12";"51a";"f";21;NA;NA;3;1;3;NA
"78";2018-08-02;"august";"11";"51a";"f";21;NA;NA;3;1;2;NA
"79";2018-08-01;"august";"29";"56b";"f";42;"g";NA;3;3;2;NA
"80";2018-07-31;"august";"21";"58e";"m";32;"n";NA;3;2;3;NA
"81";2018-08-01;"august";"14";"5c4";"f";39;"n";NA;3;1;2;NA
"82";2018-08-02;"august";"18";"5c4";"f";40;NA;NA;3;2;3;NA
"83";2018-08-01;"august";"40";"62a";"f";35;"n";NA;3;3;1;NA
"84";2018-08-02;"august";"41";"62a";"f";37;NA;NA;3;3;2;NA
"85";2018-08-01;"august";"16";"6a6";"m";49;"g";NA;3;2;1;NA
"86";2018-08-02;"august";"16";"6a6";"m";48;NA;NA;3;2;1;NA
"87";2018-08-01;"august";"33";"6b9";"f";33;"n";NA;3;3;3;NA
"88";2018-08-02;"august";"23";"6b9";"f";35;NA;NA;3;3;2;NA
"89";2018-07-31;"august";"41";"6ca";"f";56;"g";"?";3;3;2;NA
"90";2018-08-02;"august";"39";"6ca";"f";46;NA;NA;3;3;3;NA
"91";2018-07-31;"august";"39";"6db";"f";32;"n";NA;3;3;3;NA
"92";2018-08-02;"august";"39";"6db";"f";NA;NA;"født 7 unger";3;3;3;NA
"93";2018-08-01;"august";"31";"6ef";"m";52;"g";NA;3;3;1;NA
"94";2018-08-02;"august";"24";"6ef";"m";51;NA;NA;3;3;3;NA
"95";2018-08-02;"august";"37";"73e";"m";40;"n";NA;3;3;1;NA
"96";2018-07-31;"august";"43";"79a";"f";47;"n";"pels";3;2;1;NA
"97";2018-08-01;"august";"45";"79a";"f";45;NA;NA;3;2;3;NA
"98";2018-08-01;"august";"28";"7a4";"m";57;"g";NA;3;3;1;NA
"99";2018-08-02;"august";"26";"7a4";"m";52;NA;NA;3;3;2;NA
"100";2018-07-31;"august";"11";"7d7";"f";21;"n";NA;3;1;2;NA
"101";2018-08-01;"august";"11";"7d7";"f";20;NA;NA;3;1;2;NA
"102";2018-08-02;"august";"11";"7d7";"f";22;NA;NA;3;1;2;NA
"103";2018-08-02;"august";"37";"81b";"f";31;"n";NA;3;3;1;NA
"104";2018-09-03;"september";"25";"438";"f";48;"g";NA;4;3;1;NA
"105";2018-09-04;"september";"25";"438";"f";42;NA;NA;4;3;1;NA
"106";2018-09-05;"september";"30";"438";"f";46;NA;NA;4;3;3;NA
"107";2018-09-05;"september";"32";"439";"f";47;"g";NA;4;3;2;NA
"108";2018-09-03;"september";"13";"466";"m";51;"n";NA;4;1;1;NA
"109";2018-09-04;"september";"13";"466";"m";46;NA;NA;4;1;1;NA
"110";2018-09-05;"september";"12";"466";"m";46;NA;NA;4;1;3;NA
"111";2018-09-04;"september";"20";"487";"f";42;"n";NA;4;2;2;NA
"112";2018-09-05;"september";"21";"487";"f";42;NA;NA;4;2;3;NA
"113";2018-09-04;"september";"10";"520";"f";42;"g";NA;4;1;1;NA
"114";2018-09-04;"september";"33";"530";"m";47;"g";NA;4;3;3;NA
"115";2018-09-05;"september";"33";"530";"m";47;NA;NA;4;3;3;NA
"116";2018-09-03;"september";"26";"568";"f";58;"g";NA;4;3;2;NA
"117";2018-09-04;"september";"6";"579";"f";45;"g";NA;4;1;3;NA
"118";2018-09-04;"september";"19";"618";"f";48;"g";NA;4;2;1;NA
"119";2018-09-03;"september";"4";"632";"f";50;"g";NA;4;1;1;NA
"120";2018-09-04;"september";"4";"632";"f";42;NA;NA;4;1;1;NA
"121";2018-09-05;"september";"4";"632";"f";46;NA;NA;4;1;1;NA
"122";2018-09-03;"september";"11";"688";"f";39;"g";NA;4;1;2;NA
"123";2018-09-03;"september";"34";"689";"f";49;"g";NA;4;3;1;NA
"124";2018-09-04;"september";"27";"714";"m";22;"n";NA;4;3;3;NA
"125";2018-09-04;"september";"18";"721";"f";35;"g";NA;4;2;3;NA
"126";2018-09-04;"september";"16";"725";"m";21;"n";NA;4;2;1;NA
"127";2018-09-03;"september";"43";"761";"f";43;"n";NA;4;2;1;NA
"128";2018-09-05;"september";"17";"761";"f";36;NA;NA;4;2;2;NA
"129";2018-09-03;"september";"14";"768";"f";48;"g";NA;4;1;2;NA
"130";2018-09-05;"september";"14";"768";"f";47;NA;NA;4;1;2;NA
"131";2018-09-05;"september";"44";"783";"f";22;"n";NA;4;2;2;NA
"132";2018-09-04;"september";"42";"46a";"m";53;"g";NA;4;2;3;NA
"133";2018-09-05;"september";"42";"46a";"m";54;NA;NA;4;2;3;NA
"134";2018-09-05;"september";"27";"49b";"m";16;"n";NA;4;3;3;NA
"135";2018-09-03;"september";"2";"4b6";"m";50;"g";NA;4;1;2;NA
"136";2018-09-04;"september";"5";"4b6";"m";47;NA;NA;4;1;2;NA
"137";2018-09-05;"september";"2";"4b6";"m";47;NA;NA;4;1;2;NA
"138";2018-09-03;"september";"38";"4c2";"m";52;"g";NA;4;3;2;NA
"139";2018-09-05;"september";"28";"4c2";"m";46;NA;NA;4;3;1;NA
"140";2018-09-03;"september";"12";"4ea";"m";54;"g";NA;4;1;3;NA
"141";2018-09-04;"september";"12";"4ea";"m";53;NA;NA;4;1;3;NA
"142";2018-09-05;"september";"9";"4ea";"m";47;NA;NA;4;1;3;NA
"143";2018-09-03;"september";"40";"62a";"f";41;"g";NA;4;3;1;NA
"144";2018-09-04;"september";"40";"62a";"f";40;NA;NA;4;3;1;NA
"145";2018-09-05;"september";"39";"62a";"f";39;NA;NA;4;3;3;NA
"146";2018-09-03;"september";"45";"6a6";"m";53;"g";NA;4;2;3;NA
"147";2018-09-05;"september";"45";"6a6";"m";50;NA;NA;4;2;3;NA
"148";2018-09-04;"september";"23";"6b9";"f";47;"g";NA;4;3;2;NA
"149";2018-09-05;"september";"34";"6b9";"f";48;NA;NA;4;3;1;NA
"150";2018-09-03;"september";"41";"6ca";"f";53;"g";NA;4;3;2;NA
"151";2018-09-04;"september";"41";"6ca";"f";41;NA;NA;4;3;2;NA
"152";2018-09-05;"september";"41";"6ca";"f";45;NA;NA;4;3;2;NA
"153";2018-09-05;"september";"19";"6cc";"f";12;"n";NA;4;2;1;NA
"154";2018-09-03;"september";"39";"6db";"f";43;"g";NA;4;3;3;NA
"155";2018-09-04;"september";"39";"6db";"f";40;NA;NA;4;3;3;NA
"156";2018-09-05;"september";"40";"6db";"f";40;NA;NA;4;3;1;NA
"157";2018-09-04;"september";"38";"73e";"m";49;"g";NA;4;3;2;NA
"158";2018-09-04;"september";"15";"76e";"m";49;"n";NA;4;2;3;NA
"159";2018-09-04;"september";"43";"79a";"f";42;"g";NA;4;2;1;NA
"160";2018-09-04;"september";"31";"7a4";"m";50;"g";NA;4;3;1;NA
"161";2018-09-05;"september";"29";"7a4";"m";43;NA;NA;4;3;2;NA
"162";2018-09-03;"september";"36";"81b";"f";45;"g";NA;4;3;3;NA
"163";2018-09-04;"september";"36";"81b";"f";39;NA;NA;4;3;3;NA
"164";2018-09-05;"september";"36";"81b";"f";37;NA;NA;4;3;3;NA
"165";2018-09-05;"september";"16";"uuu";"f";45;"drept av røyskatt";NA;4;2;1;NA
"166";2018-09-13;"oktober";"29";"438";"f";37;"g";NA;5;3;2;NA
"167";2018-09-15;"oktober";"26";"438";"f";38;NA;NA;5;3;2;NA
"168";2018-09-13;"oktober";"31";"439";"f";45;"g";NA;5;3;1;NA
"169";2018-09-14;"oktober";"29";"439";"f";41;NA;NA;5;3;2;NA
"170";2018-09-15;"oktober";"25";"439";"f";40;NA;NA;5;3;1;NA
"171";2018-09-13;"oktober";"8";"477";"m";23;"n";NA;5;1;2;NA
"172";2018-09-14;"oktober";"8";"477";"m";21;NA;NA;5;1;2;NA
"173";2018-09-15;"oktober";"8";"477";"m";23;NA;NA;5;1;2;NA
"174";2018-09-14;"oktober";"3";"479";"f";31;"n";NA;5;1;3;NA
"175";2018-09-15;"oktober";"10";"538";"f";22;"g";NA;5;1;1;NA
"176";2018-09-13;"oktober";"2";"579";"f";38;"g";NA;5;1;2;NA
"177";2018-09-14;"oktober";"2";"579";"f";38;NA;NA;5;1;2;NA
"178";2018-09-15;"oktober";"2";"579";"f";35;NA;NA;5;1;2;NA
"179";2018-09-14;"oktober";"12";"662";"m";24;"n";NA;5;1;3;NA
"180";2018-09-14;"oktober";"45";"672";"m";26;"n";NA;5;2;3;NA
"181";2018-09-15;"oktober";"11";"688";"f";32;"g";NA;5;1;2;NA
"182";2018-09-13;"oktober";"30";"690";"m";43;"n";NA;5;3;3;NA
"183";2018-09-14;"oktober";"16";"725";"m";25;"g";NA;5;2;1;NA
"184";2018-09-15;"oktober";"44";"725";"m";24;NA;NA;5;2;2;NA
"185";2018-09-13;"oktober";"16";"761";"f";35;"g";NA;5;2;1;NA
"186";2018-09-13;"oktober";"42";"46a";"m";51;"g";NA;5;2;3;NA
"187";2018-09-15;"oktober";"1";"47c";"f";23;"n";NA;5;1;1;NA
"188";2018-09-13;"oktober";"17";"48a";"f";23;"n";NA;5;2;2;NA
"189";2018-09-15;"oktober";"39";"4c2";"m";46;"g";NA;5;3;3;NA
"190";2018-09-13;"oktober";"45";"51e";"m";24;"n";NA;5;2;3;NA
"191";2018-09-13;"oktober";"11";"54a";"f";35;"n";NA;5;1;2;NA
"192";2018-09-13;"oktober";"39";"5ca";"f";24;"n";NA;5;3;3;NA
"193";2018-09-13;"oktober";"39";"62a";"f";37;"g";NA;5;3;3;NA
"194";2018-09-14;"oktober";"41";"6ca";"f";43;"g";NA;5;3;2;NA
"195";2018-09-15;"oktober";"40";"6ca";"f";43;NA;NA;5;3;1;NA
"196";2018-09-13;"oktober";"41";"6db";"f";35;"g";NA;5;3;2;NA
"197";2018-09-13;"oktober";"34";"6fe";"f";38;"n";NA;5;3;1;NA
"198";2018-09-14;"oktober";"34";"6fe";"f";39;NA;NA;5;3;1;NA
"199";2018-09-15;"oktober";"34";"6fe";"f";36;NA;NA;5;3;1;NA
"200";2018-09-13;"oktober";"32";"73e";"m";44;"g";NA;5;3;2;NA
"201";2018-09-15;"oktober";"45";"79a";"f";38;"g";NA;5;2;3;NA
"202";2018-09-13;"oktober";"37";"81b";"f";35;"g";NA;5;3;1;NA
"203";2018-09-14;"oktober";"38";"81b";"f";31;NA;NA;5;3;2;NA
"204";2018-09-15;"oktober";"36";"81b";"f";32;NA;NA;5;3;3;NA
"205";2019-05-28;"june";"6";"479";"f";37;"g";NA;6;1;3;NA
"206";2019-05-26;"june";"44";"485";"f";30;"n";NA;6;2;2;NA
"207";2019-05-28;"june";"19";"502";"m";47;"n";NA;6;2;1;NA
"208";2019-05-26;"june";"1";"511";"m";47;"n";NA;6;1;1;NA
"209";2019-05-27;"june";"3";"511";"m";46;NA;NA;6;1;3;NA
"210";2019-05-27;"june";"27";"515";"m";50;"n";NA;6;3;3;NA
"211";2019-05-26;"june";"11";"538";"f";34;"g";NA;6;1;2;NA
"212";2019-05-27;"june";"10";"538";"f";33;NA;NA;6;1;1;NA
"213";2019-05-28;"june";"10";"538";"f";34;NA;NA;6;1;1;NA
"214";2019-05-27;"june";"6";"579";"f";45;"g";NA;6;1;3;NA
"215";2019-05-28;"june";"5";"579";"f";42;NA;NA;6;1;2;NA
"216";2019-05-26;"june";"30";"644";"f";48;"n";NA;6;3;3;NA
"217";2019-05-26;"june";"17";"662";"m";40;"g";NA;6;2;2;NA
"218";2019-05-27;"june";"19";"662";"m";41;NA;NA;6;2;1;NA
"219";2019-05-26;"june";"42";"672";"m";40;"g";NA;6;2;3;NA
"220";2019-05-28;"june";"43";"672";"m";41;NA;NA;6;2;1;NA
"221";2019-05-26;"june";"43";"678";"f";30;"n";NA;6;2;1;NA
"222";2019-05-28;"june";"44";"678";"f";32;NA;NA;6;2;2;NA
"223";2019-05-27;"june";"43";"683";"m";40;"n";NA;6;2;1;NA
"224";2019-05-26;"june";"10";"688";"f";38;"g";NA;6;1;1;NA
"225";2019-05-28;"june";"9";"688";"f";35;NA;NA;6;1;3;NA
"226";2019-05-28;"june";"16";"707";"m";43;"n";NA;6;2;1;NA
"227";2019-05-26;"june";"19";"718";"f";32;"n";NA;6;2;1;NA
"228";2019-05-27;"june";"40";"745";"m";47;"n";NA;6;3;1;NA
"229";2019-05-27;"june";"17";"761";"f";39;"g";NA;6;2;2;NA
"230";2019-05-27;"june";"24";"779";"f";28;"n";NA;6;3;3;NA
"231";2019-05-28;"june";"24";"779";"f";30;NA;NA;6;3;3;NA
"232";2019-05-28;"june";"32";"781";"m";41;"n";NA;6;3;2;NA
"233";2019-05-26;"june";"37";"798";"m";37;"n";NA;6;3;1;NA
"234";2019-05-27;"june";"42";"798";"m";37;NA;NA;6;2;3;NA
"235";2019-05-27;"june";"7";"820";"m";41;"n";NA;6;1;1;NA
"236";2019-05-26;"june";"40";"7e3";"m";45;"n";NA;6;3;1;NA
"237";2019-05-28;"june";"41";"7e3";"m";46;NA;NA;6;3;2;NA
"238";2019-05-26;"june";"9";"4a2";"m";39;"n";NA;6;1;3;NA
"239";2019-05-26;"june";"14";"4f9";"m";37;"n";NA;6;1;2;NA
"240";2019-05-27;"june";"15";"4f9";"m";38;NA;NA;6;2;3;NA
"241";2019-05-28;"june";"45";"4f9";"m";39;NA;NA;6;2;3;NA
"242";2019-05-26;"june";"13";"4fe";"m";44;"n";NA;6;1;1;NA
"243";2019-05-27;"june";"38";"50a";"m";40;"n";NA;6;3;2;NA
"244";2019-05-27;"june";"44";"50c";"f";NA;"n";"død";6;2;2;NA
"245";2019-05-27;"june";"14";"51a";"f";37;"g";NA;6;1;2;NA
"246";2019-05-28;"june";"13";"51a";"f";37;NA;NA;6;1;1;NA
"247";2019-05-28;"june";"8";"54f";"m";46;"n";NA;6;1;2;NA
"248";2019-05-26;"june";"3";"56c";"m";39;"n";NA;6;1;3;NA
"249";2019-05-28;"june";"1";"56c";"m";43;NA;NA;6;1;1;NA
"250";2019-05-26;"june";"31";"5a4";"m";45;"n";NA;6;3;1;NA
"251";2019-05-28;"june";"31";"5a4";"f";48;NA;NA;6;3;1;NA
"252";2019-05-27;"june";"31";"5b3";"m";42;"n";NA;6;3;1;NA
"253";2019-05-27;"june";"41";"5c6";"m";45;"n";NA;6;3;2;NA
"254";2019-05-26;"june";"27";"63d";"f";43;"n";NA;6;3;3;NA
"255";2019-05-27;"june";"24";"6ba";"m";41;"n";NA;6;3;3;NA
"256";2019-05-28;"june";"15";"6d9";"m";45;"n";NA;6;2;3;NA
"257";2019-05-26;"june";"41";"72b";"f";30;"n";NA;6;3;2;NA
"258";2019-05-28;"june";"42";"74d";"f";32;"n";NA;6;2;3;NA
"259";2019-05-27;"june";"11";"78f";"f";49;"n";NA;6;1;2;NA
"260";2019-05-28;"june";"35";"7be";"f";51;"n";NA;6;3;2;NA
"261";2019-05-28;"june";"30";"7c7";"f";37;"n";NA;6;3;3;NA
"262";2019-05-27;"june";"16";"7ec";"f";32;"n";NA;6;2;1;NA
"263";2019-05-26;"june";"43";"b0c";"f";27;"n";NA;6;2;1;NA
"264";2019-06-24;"july";"44";"111";"f";45;"n";"død";7;2;2;NA
"265";2019-06-25;"july";"4";"112";"f";15;"n";"død";7;1;1;NA
"266";2019-06-25;"july";"4";"113";"f";13;"n";"død";7;1;1;NA
"267";2019-06-25;"july";"13";"430";"f";35;"g";NA;7;1;1;NA
"268";2019-06-25;"july";"39";"473";"m";58;"n";NA;7;3;3;NA
"269";2019-06-24;"july";"39";"475";"f";27;"n";NA;7;3;3;NA
"270";2019-06-25;"july";"38";"475";"f";30;NA;NA;7;3;2;NA
"271";2019-06-26;"july";"35";"475";"f";22;NA;NA;7;3;2;NA
"272";2019-06-24;"july";"9";"489";"f";52;"n";NA;7;1;3;NA
"273";2019-06-25;"july";"8";"489";"f";50;NA;NA;7;1;2;NA
"274";2019-06-26;"july";"8";"489";"f";49;NA;NA;7;1;2;NA
"275";2019-06-24;"july";"1";"511";"m";62;"g";NA;7;1;1;NA
"276";2019-06-25;"july";"6";"511";"m";62;NA;NA;7;1;3;NA
"277";2019-06-24;"july";"26";"517";"f";51;"n";NA;7;3;2;NA
"278";2019-06-25;"july";"23";"535";"m";55;"n";NA;7;3;2;NA
"279";2019-06-24;"july";"10";"538";"f";48;"g";NA;7;1;1;NA
"280";2019-06-25;"july";"11";"538";"f";44;NA;NA;7;1;2;NA
"281";2019-06-26;"july";"11";"538";"f";43;NA;NA;7;1;2;NA
"282";2019-06-25;"july";"34";"570";"f";19;"g";NA;7;3;1;NA
"283";2019-06-26;"july";"34";"570";"f";20;NA;NA;7;3;1;NA
"284";2019-06-24;"july";"36";"571";"f";27;"n";NA;7;3;3;NA
"285";2019-06-26;"july";"39";"578";"f";46;"n";NA;7;3;3;NA
"286";2019-06-24;"july";"2";"579";"f";50;"g";NA;7;1;2;NA
"287";2019-06-25;"july";"2";"579";"f";51;NA;NA;7;1;2;NA
"288";2019-06-26;"july";"5";"579";"f";51;NA;NA;7;1;2;NA
"289";2019-06-26;"july";"22";"610";"m";67;"n";NA;7;3;1;NA
"290";2019-06-24;"july";"38";"613";"f";26;"n";NA;7;3;2;NA
"291";2019-06-24;"july";"32";"615";"f";51;"n";NA;7;3;2;NA
"292";2019-06-26;"july";"32";"615";"f";53;NA;NA;7;3;2;NA
"293";2019-06-25;"july";"21";"630";"m";24;"n";NA;7;2;3;NA
"294";2019-06-25;"july";"21";"659";"f";25;"n";NA;7;2;3;NA
"295";2019-06-26;"july";"21";"659";"f";25;NA;NA;7;2;3;NA
"296";2019-06-25;"july";"12";"660";"m";30;"n";NA;7;1;3;NA
"297";2019-06-24;"july";"18";"678";"f";48;"g";NA;7;2;3;NA
"298";2019-06-25;"july";"18";"678";"f";50;NA;NA;7;2;3;NA
"299";2019-06-26;"july";"17";"678";"f";47;NA;NA;7;2;2;NA
"300";2019-06-25;"july";"9";"688";"f";55;"g";NA;7;1;3;NA
"301";2019-06-26;"july";"10";"688";"f";56;NA;NA;7;1;1;NA
"302";2019-06-24;"july";"45";"707";"m";54;"g";NA;7;2;3;NA
"303";2019-06-24;"july";"42";"718";"f";45;"g";NA;7;2;3;NA
"304";2019-06-25;"july";"41";"718";"f";44;NA;NA;7;3;2;NA
"305";2019-06-26;"july";"42";"718";"f";42;NA;NA;7;2;3;NA
"306";2019-06-25;"july";"22";"745";"m";56;"g";NA;7;3;1;NA
"307";2019-06-25;"july";"35";"750";"m";22;"n";NA;7;3;2;NA
"308";2019-06-26;"july";"21";"750";"m";23;NA;NA;7;2;3;NA
"309";2019-06-24;"july";"23";"779";"f";50;"g";NA;7;3;2;NA
"310";2019-06-26;"july";"23";"779";"f";55;NA;NA;7;3;2;NA
"311";2019-06-25;"july";"34";"802";"m";20;"n";NA;7;3;1;NA
"312";2019-06-24;"july";"8";"820";"m";64;"g";NA;7;1;2;NA
"313";2019-06-26;"july";"34";"824";"f";22;"n";NA;7;3;1;NA
"314";2019-06-24;"july";"43";"46d";"f";47;"n";NA;7;2;1;NA
"315";2019-06-25;"july";"42";"46d";"f";50;NA;NA;7;2;3;NA
"316";2019-06-26;"july";"44";"46d";"f";47;NA;NA;7;2;2;NA
"317";2019-06-24;"july";"13";"4b0";"f";49;"n";NA;7;1;1;NA
"318";2019-06-26;"july";"13";"4b0";"f";43;NA;NA;7;1;1;NA
"319";2019-06-24;"july";"22";"4b4";"f";44;"n";NA;7;3;1;NA
"320";2019-06-26;"july";"45";"4ce";"f";55;"n";NA;7;2;3;NA
"321";2019-06-26;"july";"14";"4f9";"m";58;"g";NA;7;1;2;NA
"322";2019-06-24;"july";"12";"51a";"f";43;"g";NA;7;1;3;NA
"323";2019-06-24;"july";"40";"61a";"f";60;"n";NA;7;3;1;NA
"324";2019-06-25;"july";"37";"51f";"m";52;"n";NA;7;3;1;NA
"325";2019-06-26;"july";"36";"51f";"m";52;NA;NA;7;3;3;NA
"326";2019-06-25;"july";"10";"54f";"m";63;"g";NA;7;1;1;NA
"327";2019-06-25;"july";"3";"5a0";"f";58;"n";NA;7;1;3;NA
"328";2019-06-26;"july";"30";"5a4";"m";67;"g";NA;7;3;3;NA
"329";2019-06-24;"july";"20";"5af";"m";39;"n";NA;7;2;2;NA
"330";2019-06-25;"july";"15";"5b4";"f";33;"n";NA;7;2;3;NA
"331";2019-06-24;"july";"19";"5da";"m";59;"n";NA;7;2;1;NA
"332";2019-06-25;"july";"19";"5da";"m";57;NA;NA;7;2;1;NA
"333";2019-06-25;"july";"36";"65d";"m";42;"n";NA;7;3;3;NA
"334";2019-06-26;"july";"24";"69d";"m";15;"n";NA;7;3;3;NA
"335";2019-06-24;"july";"3";"6b7";"m";57;"n";NA;7;1;3;NA
"336";2019-06-26;"july";"3";"6b7";"m";57;NA;NA;7;1;3;NA
"337";2019-06-24;"july";"21";"6d1";"m";38;"n";NA;7;2;3;NA
"338";2019-06-26;"july";"38";"6d9";"m";52;"g";NA;7;3;2;NA
"339";2019-06-25;"july";"16";"6da";"f";52;"n";NA;7;2;1;NA
"340";2019-06-26;"july";"45";"6da";"f";55;NA;NA;7;2;3;NA
"341";2019-06-25;"july";"21";"71e";"f";25;"n";NA;7;2;3;NA
"342";2019-06-26;"july";"41";"72b";"f";46;"g";NA;7;3;2;NA
"343";2019-06-24;"july";"24";"72d";"f";12;"n";NA;7;3;3;NA
"344";2019-06-26;"july";"24";"72d";"f";15;"n";NA;7;3;3;NA
"345";2019-06-26;"july";"18";"74d";"f";50;NA;NA;7;2;3;NA
"346";2019-06-26;"july";"29";"74g";"f";29;"n";NA;7;3;2;NA
"347";2019-06-25;"july";"1";"77c";"f";35;"n";NA;7;1;1;NA
"348";2019-06-24;"july";"11";"78f";"f";45;"g";NA;7;1;2;NA
"349";2019-06-25;"july";"33";"7a3";"m";37;"n";NA;7;3;3;NA
"350";2019-06-25;"july";"30";"7c7";"f";43;"g";NA;7;3;3;NA
"351";2019-06-26;"july";"25";"7c7";"f";43;NA;NA;7;3;1;NA
"352";2019-06-25;"july";"20";"7cf";"m";38;"n";NA;7;2;2;NA
"353";2019-06-25;"july";"40";"7d4";"f";62;"n";NA;7;3;1;NA
"354";2019-06-26;"july";"40";"7d4";"f";58;NA;NA;7;3;1;NA
"355";2019-06-25;"july";"45";"7ec";"f";50;"g";NA;7;2;3;NA
"356";2019-06-26;"july";"16";"7ec";"f";48;NA;NA;7;2;1;NA
"357";2019-06-26;"july";"33";"7f1";"f";30;"n";NA;7;3;3;NA
"358";2019-06-24;"july";"16";"81e";"f";46;"n";NA;7;2;1;NA
"359";2019-06-24;"july";"34";"b70";"f";19;"n";NA;7;3;1;NA
"360";2019-06-25;"july";"44";"um4";"m";11;"n";NA;7;2;2;NA
"361";2019-06-26;"july";"43";"um5";"f";11;"n";NA;7;2;1;NA
"362";2019-07-31;"aug";"11";"5e0";"f";24;"n";NA;8;1;2;NA
"363";2019-07-31;"aug";"17";"7e0";"f";19;"n";NA;8;2;2;NA
"364";2019-07-30;"aug";"31";"6e1";"f";23;"n";"død";8;3;1;NA
"365";2019-07-29;"aug";"39";"467";"f";24;"n";NA;8;3;3;NA
"366";2019-07-31;"aug";"33";"475";"f";53;"g";NA;8;3;3;NA
"367";2019-07-30;"aug";"39";"492";"f";23;"n";NA;8;3;3;NA
"368";2019-07-31;"aug";"14";"494";"f";16;"n";NA;8;1;2;NA
"369";2019-07-29;"aug";"26";"496";"m";23;"n";NA;8;3;2;NA
"370";2019-07-30;"aug";"14";"499";"m";23;"n";NA;8;1;2;NA
"371";2019-07-31;"aug";"10";"5e2";"m";19;"n";NA;8;1;1;NA
"372";2019-07-29;"aug";"39";"501";"m";25;"n";NA;8;3;3;NA
"373";2019-07-30;"aug";"7";"509";"m";23;"n";NA;8;1;1;NA
"374";2019-07-31;"aug";"9";"509";"m";22;NA;NA;8;1;3;NA
"375";2019-07-30;"aug";"26";"517";"f";55;"g";NA;8;3;2;NA
"376";2019-07-29;"aug";"24";"533";"f";21;"n";NA;8;3;3;NA
"377";2019-07-31;"aug";"23";"533";"f";23;NA;NA;8;3;2;NA
"378";2019-07-29;"aug";"23";"550";"f";21;"n";NA;8;3;2;NA
"379";2019-07-29;"aug";"10";"553";"f";18;"n";NA;8;1;1;NA
"380";2019-07-30;"aug";"2";"579";"f";58;"g";NA;8;1;2;NA
"381";2019-07-31;"aug";"2";"579";"f";56;NA;NA;8;1;2;NA
"382";2019-07-31;"aug";"14";"581";"m";17;"n";NA;8;1;2;NA
"383";2019-07-29;"aug";"24";"589";"m";20;"n";NA;8;3;3;NA
"384";2019-07-30;"aug";"23";"589";"m";21;NA;NA;8;3;2;NA
"385";2019-07-29;"aug";"31";"591";"f";23;"n";NA;8;3;1;NA
"386";2019-07-29;"aug";"36";"613";"f";48;"g";NA;8;3;3;NA
"387";2019-07-30;"aug";"36";"613";"f";43;NA;NA;8;3;3;NA
"388";2019-07-29;"aug";"32";"615";"f";49;"g";NA;8;3;2;NA
"389";2019-07-30;"aug";"32";"615";"f";48;NA;NA;8;3;2;NA
"390";2019-07-31;"aug";"19";"630";"f";22;"n";NA;8;2;1;NA
"391";2019-07-30;"aug";"34";"635";"f";17;"n";NA;8;3;1;NA
"392";2019-07-31;"aug";"22";"635";"f";17;NA;NA;8;3;1;NA
"393";2019-07-29;"aug";"44";"678";"f";58;"g";NA;8;2;2;NA
"394";2019-07-31;"aug";"43";"678";"f";51;NA;NA;8;2;1;NA
"395";2019-07-29;"aug";"40";"679";"m";23;"n";NA;8;3;1;NA
"396";2019-07-31;"aug";"40";"679";"m";23;NA;NA;8;3;1;NA
"397";2019-07-29;"aug";"21";"689";"f";52;"n";NA;8;2;3;NA
"398";2019-07-30;"aug";"21";"689";"f";48;NA;NA;8;2;3;NA
"399";2019-07-29;"aug";"11";"730";"m";23;"n";NA;8;1;2;NA
"400";2019-07-29;"aug";"17";"778";"f";43;"n";NA;8;2;2;NA
"401";2019-07-30;"aug";"17";"778";"f";43;NA;NA;8;2;2;NA
"402";2019-07-31;"aug";"17";"778";"f";43;NA;NA;8;2;2;NA
"403";2019-07-29;"aug";"8";"796";"f";23;"n";NA;8;1;2;NA
"404";2019-07-29;"aug";"12";"801";"f";23;"n";NA;8;1;3;NA
"405";2019-07-29;"aug";"4";"805";"m";23;"n";NA;8;1;1;NA
"406";2019-07-29;"aug";"11";"5e5";"f";22;"n";NA;8;1;2;NA
"407";2019-07-29;"aug";"9";"44e";"f";22;"n";NA;8;1;3;NA
"408";2019-07-29;"aug";"16";"45a";"m";24;"n";NA;8;2;1;NA
"409";2019-07-29;"aug";"6";"45c";"f";48;"n";NA;8;1;3;NA
"410";2019-07-29;"aug";"43";"46d";"f";54;"g";NA;8;2;1;NA
"411";2019-07-30;"aug";"18";"46d";"f";50;NA;NA;8;2;3;NA
"412";2019-07-31;"aug";"44";"46d";"f";46;NA;NA;8;2;2;NA
"413";2019-07-29;"aug";"8";"4a1";"f";23;"n";NA;8;1;2;NA
"414";2019-07-31;"aug";"13";"4b0";"f";51;"g";NA;8;1;1;NA
"415";2019-07-31;"aug";"16";"4ce";"f";47;"g";NA;8;2;1;NA
"416";2019-07-30;"aug";"8";"4d1";"f";21;"n";NA;8;1;2;NA
"417";2019-07-31;"aug";"8";"4d1";"f";21;NA;NA;8;1;2;NA
"418";2019-07-29;"aug";"12";"4ej";"m";23;"n";NA;8;1;3;NA
"419";2019-07-29;"aug";"41";"4f3";"f";24;"n";NA;8;3;2;NA
"420";2019-07-29;"aug";"33";"51f";"m";58;"g";NA;8;3;3;NA
"421";2019-07-30;"aug";"33";"51f";"m";52;NA;NA;8;3;3;NA
"422";2019-07-30;"aug";"12";"54f";"m";57;"g";NA;8;1;3;NA
"423";2019-07-29;"aug";"15";"56c";"m";55;"g";NA;8;2;3;NA
"424";2019-07-30;"aug";"40";"57d";"f";24;"n";NA;8;3;1;NA
"425";2019-07-29;"aug";"2";"5a0";"f";51;"g";NA;8;1;2;NA
"426";2019-07-30;"aug";"4";"5a0";"f";46;NA;NA;8;1;1;NA
"427";2019-07-31;"aug";"3";"5a0";"f";47;NA;NA;8;1;3;NA
"428";2019-07-29;"aug";"42";"5a5";"f";56;"n";NA;8;2;3;NA
"429";2019-07-31;"aug";"42";"5a5";"f";53;NA;NA;8;2;3;NA
"430";2019-07-30;"aug";"38";"5ba";"f";45;"n";NA;8;3;2;NA
"431";2019-07-31;"aug";"38";"5ba";"f";43;NA;NA;8;3;2;NA
"432";2019-07-30;"aug";"39";"5c6";"m";67;"g";NA;8;3;3;NA
"433";2019-07-31;"aug";"41";"5c6";"m";67;NA;NA;8;3;2;NA
"434";2019-07-29;"aug";"20";"5d2";"f";72;"n";NA;8;2;2;NA
"435";2019-07-29;"aug";"13";"5d7";"f";15;"n";NA;8;1;1;NA
"436";2019-07-31;"aug";"14";"5d7";"f";15;NA;NA;8;1;2;NA
"437";2019-07-29;"aug";"19";"5da";"m";55;"g";"mangler hale";8;2;1;NA
"438";2019-07-30;"aug";"5";"5db";"f";42;"n";NA;8;1;2;NA
"439";2019-07-31;"aug";"6";"5db";"f";45;NA;NA;8;1;3;NA
"440";2019-07-29;"aug";"11";"5ed";"f";18;"n";NA;8;1;2;NA
"441";2019-07-30;"aug";"14";"5f6";"f";23;"n";NA;8;1;2;NA
"442";2019-07-30;"aug";"15";"5f8";"f";45;"n";NA;8;2;3;NA
"443";2019-07-31;"aug";"12";"5fd";"f";25;"n";NA;8;1;3;NA
"444";2019-07-29;"aug";"38";"63d";"f";52;"n";NA;8;3;2;NA
"445";2019-07-31;"aug";"11";"66a";"m";23;"n";NA;8;1;2;NA
"446";2019-07-30;"aug";"37";"6a2";"m";57;"n";NA;8;3;1;NA
"447";2019-07-30;"aug";"41";"6c1";"m";24;"n";NA;8;3;2;NA
"448";2019-07-30;"aug";"23";"6c8";"f";49;"g";NA;8;3;2;NA
"449";2019-07-29;"aug";"10";"6d0";"f";21;"n";NA;8;1;1;NA
"450";2019-07-29;"aug";"45";"6da";"f";47;"g";NA;8;2;3;NA
"451";2019-07-30;"aug";"45";"6da";"f";45;NA;NA;8;2;3;NA
"452";2019-07-31;"aug";"39";"6da";"m";65;NA;NA;8;3;3;NA
"453";2019-07-29;"aug";"23";"73f";"f";21;"n";NA;8;3;2;NA
"454";2019-07-30;"aug";"5";"77c";"f";41;"g";NA;8;1;2;NA
"455";2019-07-31;"aug";"7";"77c";"f";40;NA;NA;8;1;1;NA
"456";2019-07-30;"aug";"10";"78f";"f";46;"g";NA;8;1;1;NA
"457";2019-07-29;"aug";"40";"7ad";"m";24;"n";NA;8;3;1;NA
"458";2019-07-29;"aug";"14";"7af";"f";15;"n";NA;8;1;2;NA
"459";2019-07-30;"aug";"40";"7b4";"f";24;"n";NA;8;3;1;NA
"460";2019-07-29;"aug";"3";"7b9";"f";23;"n";NA;8;1;3;NA
"461";2019-07-29;"aug";"35";"7be";"f";61;"g";NA;8;3;2;NA
"462";2019-07-30;"aug";"3";"7bf";"f";24;"n";NA;8;1;3;NA
"463";2019-07-29;"aug";"8";"7d0";"m";23;"n";NA;8;1;2;NA
"464";2019-07-30;"aug";"8";"7d0";"f";22;NA;NA;8;1;2;NA
"465";2019-07-31;"aug";"8";"7d0";"f";23;NA;NA;8;1;2;NA
"466";2019-07-30;"aug";"16";"7ec";"f";47;"g";NA;8;2;1;NA
"467";2019-07-29;"aug";"37";"7f1";"f";47;"g";NA;8;3;1;NA
"468";2019-07-30;"aug";"45";"81e";"f";44;"g";NA;8;2;3;NA
"469";2019-07-31;"aug";"45";"81e";"f";43;NA;NA;8;2;3;NA
"470";2019-07-29;"aug";"30";"do1";"m";23;"n";"død";8;3;3;NA
"471";2019-07-29;"aug";"30";"do2";"m";22;"n";"død";8;3;3;NA
"472";2019-09-06;"sept";"14";"472";"m";23;"n";NA;9;1;2;NA
"473";2019-09-07;"sept";"14";"472";"m";23;NA;NA;9;1;2;NA
"474";2019-09-07;"sept";"11";"490";"f";22;"n";NA;9;1;2;NA
"475";2019-09-07;"sept";"38";"500";"f";22;"n";NA;9;3;2;NA
"476";2019-09-06;"sept";"29";"517";"f";42;"g";NA;9;3;2;NA
"477";2019-09-07;"sept";"23";"533";"f";22;"g";NA;9;3;2;NA
"478";2019-09-08;"sept";"32";"533";"f";22;NA;NA;9;3;2;NA
"479";2019-09-06;"sept";"23";"550";"f";23;"g";NA;9;3;2;NA
"480";2019-09-07;"sept";"19";"561";"f";20;"n";NA;9;2;1;NA
"481";2019-09-06;"sept";"28";"573";"m";23;"n";NA;9;3;1;NA
"482";2019-09-08;"sept";"45";"574";"m";22;"n";NA;9;2;3;NA
"483";2019-09-07;"sept";"38";"584";"m";23;"g";NA;9;3;2;NA
"484";2019-09-06;"sept";"23";"589";"m";25;"g";NA;9;3;2;NA
"485";2019-09-07;"sept";"23";"589";"m";25;NA;NA;9;3;2;NA
"486";2019-09-08;"sept";"23";"589";"m";25;NA;NA;9;3;2;NA
"487";2019-09-06;"sept";"16";"6e2";"m";20;"n";NA;9;2;1;NA
"488";2019-09-07;"sept";"17";"6e2";"m";22;NA;NA;9;2;2;NA
"489";2019-09-06;"sept";"36";"613";"f";37;"g";NA;9;3;3;NA
"490";2019-09-07;"sept";"36";"613";"f";35;NA;NA;9;3;3;NA
"491";2019-09-08;"sept";"36";"613";"f";35;NA;NA;9;3;3;NA
"492";2019-09-07;"sept";"32";"615";"f";45;"g";NA;9;3;2;NA
"493";2019-09-06;"sept";"35";"635";"m";22;"g";NA;9;3;2;NA
"494";2019-09-08;"sept";"12";"639";"m";28;"n";NA;9;1;3;NA
"495";2019-09-08;"sept";"14";"673";"f";21;"n";NA;9;1;2;NA
"496";2019-09-07;"sept";"40";"679";"m";23;"g";NA;9;3;1;NA
"497";2019-09-08;"sept";"39";"679";"m";23;NA;NA;9;3;3;NA
"498";2019-09-06;"sept";"33";"695";"m";25;"n";NA;9;3;3;NA
"499";2019-09-06;"sept";"1";"700";"m";22;"n";NA;9;1;1;NA
"500";2019-09-06;"sept";"32";"7e2";"f";22;"n";NA;9;3;2;NA
"501";2019-09-06;"sept";"12";"733";"m";23;"n";NA;9;1;3;NA
"502";2019-09-07;"sept";"35";"737";"f";22;"n";NA;9;3;2;NA
"503";2019-09-06;"sept";"44";"754";"m";24;"n";NA;9;2;2;NA
"504";2019-09-08;"sept";"20";"755";"f";20;"n";NA;9;2;2;NA
"505";2019-09-06;"sept";"18";"778";"f";41;"g";NA;9;2;3;NA
"506";2019-09-07;"sept";"18";"778";"f";44;NA;NA;9;2;3;NA
"507";2019-09-08;"sept";"18";"778";"f";44;NA;NA;9;2;3;NA
"508";2019-09-08;"sept";"4";"784";"f";23;"n";NA;9;1;1;NA
"509";2019-09-06;"sept";"8";"796";"f";24;"g";NA;9;1;2;NA
"510";2019-09-07;"sept";"8";"796";"f";23;NA;NA;9;1;2;NA
"511";2019-09-08;"sept";"8";"796";"f";23;NA;NA;9;1;2;NA
"512";2019-09-08;"sept";"21";"797";"m";22;"n";NA;9;2;3;NA
"513";2019-09-07;"sept";"44";"821";"m";22;"n";NA;9;2;2;NA
"514";2019-09-08;"sept";"17";"821";"m";22;NA;NA;9;2;2;NA
"515";2019-09-06;"sept";"44";"4e5";"f";23;"n";NA;9;2;2;NA
"516";2019-09-06;"sept";"14";"43e";"f";21;"n";NA;9;1;2;NA
"517";2019-09-07;"sept";"14";"43e";"f";20;NA;NA;9;1;2;NA
"518";2019-09-08;"sept";"14";"43e";"f";20;NA;NA;9;1;2;NA
"519";2019-09-06;"sept";"6";"45c";"f";43;"g";NA;9;1;3;NA
"520";2019-09-07;"sept";"2";"45c";"f";38;NA;NA;9;1;2;NA
"521";2019-09-06;"sept";"39";"4a6";"m";24;"n";NA;9;3;3;NA
"522";2019-09-07;"sept";"33";"4a7";"f";25;"g";NA;9;3;3;NA
"523";2019-09-08;"sept";"32";"4a7";"f";26;NA;NA;9;3;2;NA
"524";2019-09-06;"sept";"24";"4a8";"m";23;"n";NA;9;3;3;NA
"525";2019-09-06;"sept";"31";"4ac";"f";21;"n";NA;9;3;1;NA
"526";2019-09-08;"sept";"28";"4c8";"f";23;"n";NA;9;3;1;NA
"527";2019-09-07;"sept";"42";"4cc";"m";20;"n";NA;9;2;3;NA
"528";2019-09-07;"sept";"17";"4ce";"f";40;"g";NA;9;2;2;NA
"529";2019-09-08;"sept";"5";"4df";"m";24;"n";NA;9;1;2;NA
"530";2019-09-07;"sept";"37";"51f";"m";45;"g";NA;9;3;1;NA
"531";2019-09-07;"sept";"5";"52d";"f";19;"n";NA;9;1;2;NA
"532";2019-09-08;"sept";"19";"54c";"m";22;"n";NA;9;2;1;NA
"533";2019-09-07;"sept";"1";"59d";"f";21;"n";NA;9;1;1;NA
"534";2019-09-08;"sept";"1";"59d";"f";21;NA;NA;9;1;1;NA
"535";2019-09-06;"sept";"3";"5a0";"f";40;"g";NA;9;1;3;NA
"536";2019-09-07;"sept";"3";"5a0";"f";40;NA;NA;9;1;3;NA
"537";2019-09-08;"sept";"3";"5a0";"f";38;NA;NA;9;1;3;NA
"538";2019-09-08;"sept";"26";"5a4";"m";51;"g";NA;9;3;2;NA
"539";2019-09-07;"sept";"42";"5a5";"f";48;"g";NA;9;2;3;NA
"540";2019-09-08;"sept";"42";"5a5";"f";45;NA;NA;9;2;3;NA
"541";2019-09-06;"sept";"42";"5bc";"m";21;"n";NA;9;2;3;NA
"542";2019-09-07;"sept";"41";"5c6";"m";55;"g";NA;9;3;2;NA
"543";2019-09-08;"sept";"40";"5c6";"m";51;NA;NA;9;3;1;NA
"544";2019-09-07;"sept";"13";"5d7";"f";21;"g";NA;9;1;1;NA
"545";2019-09-08;"sept";"13";"5d7";"f";21;NA;NA;9;1;1;NA
"546";2019-09-06;"sept";"45";"5eb";"f";22;"n";NA;9;2;3;NA
"547";2019-09-08;"sept";"14";"5f6";"f";21;"g";NA;9;1;2;NA
"548";2019-09-07;"sept";"12";"5fd";"m";25;"g";NA;9;1;3;NA
"549";2019-09-08;"sept";"11";"5fd";"m";23;NA;NA;9;1;2;NA
"550";2019-09-08;"sept";"4";"67c";"m";23;"n";NA;9;1;1;NA
"551";2019-09-06;"sept";"12";"69a";"m";27;"n";"død";9;1;3;NA
"552";2019-09-06;"sept";"13";"6c5";"m";24;"n";NA;9;1;1;NA
"553";2019-09-08;"sept";"19";"6c7";"m";22;"n";NA;9;2;1;NA
"554";2019-09-07;"sept";"37";"6d9";"m";50;"n";NA;9;3;1;NA
"555";2019-09-08;"sept";"33";"6d9";"m";48;NA;NA;9;3;3;NA
"556";2019-09-07;"sept";"43";"6da";"f";38;"g";NA;9;2;1;NA
"557";2019-09-08;"sept";"38";"6dc";"m";24;"n";NA;9;3;2;NA
"558";2019-09-06;"sept";"43";"6f7";"m";23;"n";NA;9;2;1;NA
"559";2019-09-07;"sept";"19";"74d";"f";53;"g";NA;9;2;1;NA
"560";2019-09-06;"sept";"38";"76b";"f";23;"n";NA;9;3;2;NA
"561";2019-09-08;"sept";"38";"76b";"f";22;NA;NA;9;3;2;NA
"562";2019-09-06;"sept";"5";"77c";"f";35;"g";NA;9;1;2;NA
"563";2019-09-06;"sept";"42";"78c";"f";20;"n";NA;9;2;3;NA
"564";2019-09-06;"sept";"34";"7a5";"m";24;"n";NA;9;3;1;NA
"565";2019-09-06;"sept";"32";"7a7";"f";24;"n";NA;9;3;2;NA
"566";2019-09-06;"sept";"8";"7ae";"m";24;"n";NA;9;1;2;NA
"567";2019-09-06;"sept";"4";"7bf";"f";23;"g";NA;9;1;1;NA
"568";2019-09-06;"sept";"8";"7d0";"m";24;"g";NA;9;1;2;NA
"569";2019-09-07;"sept";"45";"7ec";"f";42;"g";NA;9;2;3;NA
"570";2019-09-07;"sept";"10";"7f8";"m";22;"n";NA;9;1;1;NA
"571";2019-09-07;"sept";"29";"80b";"f";23;"n";NA;9;3;2;NA
"572";2019-09-06;"sept";"17";"81e";"f";41;"g";NA;9;2;2;NA
"573";2019-09-07;"sept";"16";"81e";"f";37;NA;NA;9;2;1;NA
"574";2019-09-06;"sept";"38";"f6f";"m";26;"n";NA;9;3;2;NA
"575";2019-10-11;"oct";"14";"499";"f";23;"g";NA;10;1;2;NA
"576";2019-10-11;"oct";"28";"517";"f";40;"g";NA;10;3;1;NA
"577";2019-10-13;"oct";"29";"517";"f";38;NA;NA;10;3;2;NA
"578";2019-10-11;"oct";"33";"533";"f";23;"g";NA;10;3;3;NA
"579";2019-10-12;"oct";"23";"550";"f";23;"g";NA;10;3;2;NA
"580";2019-10-12;"oct";"13";"581";"m";25;"g";NA;10;1;1;NA
"581";2019-10-11;"oct";"23";"589";"m";26;"g";NA;10;3;2;NA
"582";2019-10-13;"oct";"32";"589";"m";26;NA;NA;10;3;2;NA
"583";2019-10-13;"oct";"11";"708";"m";25;"g";NA;10;1;2;NA
"584";2019-10-13;"oct";"35";"737";"f";23;"g";NA;10;3;2;NA
"585";2019-10-13;"oct";"10";"761";"f";23;"n";NA;10;1;1;NA
"586";2019-10-12;"oct";"5";"766";"m";24;"n";NA;10;1;2;NA
"587";2019-10-12;"oct";"12";"780";"m";26;"n";NA;10;1;3;NA
"588";2019-10-11;"oct";"4";"784";"f";24;"g";NA;10;1;1;NA
"589";2019-10-12;"oct";"4";"784";"f";25;NA;NA;10;1;1;NA
"590";2019-10-13;"oct";"3";"784";"f";24;NA;NA;10;1;3;NA
"591";2019-10-11;"oct";"15";"930";"m";23;"n";NA;10;2;3;NA
"592";2019-10-12;"oct";"1";"2b2";"m";24;"n";NA;10;1;1;NA
"593";2019-10-12;"oct";"45";"2c4";"m";25;"n";NA;10;2;3;NA
"594";2019-10-11;"oct";"1";"45c";"f";39;"g";NA;10;1;1;NA
"595";2019-10-12;"oct";"2";"45c";"f";38;NA;NA;10;1;2;NA
"596";2019-10-13;"oct";"1";"45c";"f";39;NA;NA;10;1;1;NA
"597";2019-10-11;"oct";"32";"4a7";"f";24;"g";NA;10;3;2;NA
"598";2019-10-13;"oct";"23";"4b4";"f";45;"g";NA;10;3;2;NA
"599";2019-10-13;"oct";"30";"4c8";"f";23;"g";NA;10;3;3;NA
"600";2019-10-11;"oct";"5";"4df";"m";25;"g";NA;10;1;2;NA
"601";2019-10-12;"oct";"36";"51f";"m";41;"g";NA;10;3;3;NA
"602";2019-10-13;"oct";"4";"52e";"f";23;"n";NA;10;1;1;NA
"603";2019-10-11;"oct";"34";"54d";"m";25;"n";NA;10;3;1;NA
"604";2019-10-12;"oct";"22";"54d";"m";23;"n";NA;10;3;1;NA
"605";2019-10-13;"oct";"22";"54d";"m";23;NA;NA;10;3;1;NA
"606";2019-10-11;"oct";"8";"58d";"f";38;"n";NA;10;1;2;NA
"607";2019-10-13;"oct";"9";"58d";"f";41;NA;NA;10;1;3;NA
"608";2019-10-11;"oct";"6";"59d";"m";23;"g";NA;10;1;3;NA
"609";2019-10-12;"oct";"7";"59d";"m";23;NA;NA;10;1;1;NA
"610";2019-10-13;"oct";"6";"59d";"m";23;NA;NA;10;1;3;NA
"611";2019-10-11;"oct";"3";"5a0";"f";41;"g";NA;10;1;3;NA
"612";2019-10-12;"oct";"3";"5a0";"f";37;NA;NA;10;1;3;NA
"613";2019-10-13;"oct";"2";"5a0";"f";36;NA;NA;10;1;2;NA
"614";2019-10-13;"oct";"42";"5a5";"f";42;"g";NA;10;2;3;NA
"615";2019-10-13;"oct";"20";"5d2";"f";45;"g";NA;10;2;2;NA
"616";2019-10-12;"oct";"14";"5f6";"f";25;"g";NA;10;1;2;NA
"617";2019-10-12;"oct";"4";"67c";"m";22;"g";NA;10;1;1;NA
"618";2019-10-13;"oct";"3";"67c";"m";24;NA;NA;10;1;3;NA
"619";2019-10-12;"oct";"44";"6a0";"f";22;"n";NA;10;2;2;NA
"620";2019-10-11;"oct";"6";"77c";"f";37;"g";NA;10;1;3;NA
"621";2019-10-12;"oct";"6";"77c";"f";35;NA;NA;10;1;3;NA
"622";2019-10-13;"oct";"5";"77c";"f";34;NA;NA;10;1;2;NA
"623";2019-10-13;"oct";"34";"7a5";"m";26;"g";NA;10;3;1;NA
"624";2019-10-12;"oct";"34";"7a7";"m";25;"g";NA;10;3;1;NA
"625";2019-10-12;"oct";"8";"7ae";"m";24;"g";NA;10;1;2;NA
"626";2019-10-11;"oct";"9";"7d0";"m";25;"g";NA;10;1;3;NA
"627";2019-10-12;"oct";"9";"7d0";"m";24;NA;NA;10;1;3;NA
"628";2019-10-13;"oct";"8";"7d0";"m";24;NA;NA;10;1;2;NA
"629";2019-10-11;"oct";"30";"80b";"f";24;"g";NA;10;3;3;NA
"630";2019-10-11;"oct";"35";"a32";"m";22;"n";NA;10;3;2;NA
"631";2019-10-13;"oct";"34";"a32";"m";23;NA;NA;10;3;1;NA
"632";2019-10-11;"oct";"19";"a50";"m";22;"n";NA;10;2;1;NA
"633";2019-10-12;"oct";"35";"c21";"f";22;"n";NA;10;3;2;NA
"634";2019-10-13;"oct";"35";"c21";"f";22;NA;NA;10;3;2;NA
"635";2019-10-12;"oct";"42";"d88";"m";24;"n";NA;10;2;3;NA
"636";2019-10-11;"oct";"20";"dbb";"f";26;"n";NA;10;2;2;NA
"637";2019-10-11;"oct";"11";"fb1";"m";22;"n";NA;10;1;2;NA
"638";2020-06-17;"june";"7";"724";"m";41;"n";NA;11;1;1;NA
"639";2020-06-16;"june";"9";"761";"f";33;"g";NA;11;1;3;NA
"640";2020-06-17;"june";"10";"761";"f";32;NA;NA;11;1;1;NA
"641";2020-06-16;"june";"35";"4f4";"f";32;"n";NA;11;3;2;NA
"642";2020-06-17;"june";"35";"6d3";"m";37;"n";NA;11;3;2;NA
"643";2020-06-15;"june";"3";"6f0";"f";41;"n";NA;11;1;3;NA
"644";2020-06-17;"june";"3";"6f0";"f";31;NA;NA;11;1;3;NA
"645";2020-06-15;"june";"15";"74a";"f";42;"n";NA;11;2;3;NA
"646";2020-06-16;"june";"43";"78c";"f";44;"g";NA;11;2;1;NA
"647";2020-06-17;"june";"43";"78c";"f";47;NA;NA;11;2;1;NA
"648";2020-06-15;"june";"1";"afe";"m";36;"n";NA;11;1;1;NA
"649";2020-06-16;"june";"1";"afe";"m";36;NA;NA;11;1;1;NA
"650";2020-06-17;"june";"1";"afe";"m";37;NA;NA;11;1;1;NA
"651";2020-06-15;"june";"30";"c09";"f";27;"n";NA;11;3;3;NA
"652";2020-06-16;"june";"25";"c09";"f";26;NA;NA;11;3;1;NA
"653";2020-06-16;"june";"7";"ee3";"f";30;"n";NA;11;1;1;NA
"654";2020-06-16;"june";"3";"f39";"f";36;"n";NA;11;1;3;NA
"655";2020-06-17;"june";"3";"f39";"f";33;NA;NA;11;1;3;NA
"656";2020-07-13;"july";"2";"1e1";"f";17;"n";NA;12;1;2;NA
"657";2020-07-12;"july";"18";"111";"m";34;"n";"død";12;2;3;NA
"658";2020-07-12;"july";"6";"511";"f";33;"n";NA;12;1;3;NA
"659";2020-07-13;"july";"13";"673";"f";35;"g";NA;12;1;1;NA
"660";2020-07-12;"july";"4";"697";"f";31;"n";NA;12;1;1;NA
"661";2020-07-11;"july";"15";"724";"m";35;"g";NA;12;2;3;NA
"662";2020-07-13;"july";"20";"724";"m";37;NA;NA;12;2;2;NA
"663";2020-07-11;"july";"10";"761";"f";32;"g";NA;12;1;1;NA
"664";2020-07-12;"july";"9";"761";"f";30;NA;NA;12;1;3;NA
"665";2020-07-11;"july";"43";"1c2";"f";20;"n";NA;12;2;1;NA
"666";2020-07-11;"july";"18";"4f4";"f";34;"g";NA;12;2;3;NA
"667";2020-07-13;"july";"3";"6fo";"f";38;"g";NA;12;1;3;NA
"668";2020-07-13;"july";"43";"bco";"f";22;"n";NA;12;2;1;NA
"669";2020-07-13;"july";"28";"c3e";"f";25;"n";NA;12;3;1;NA
"670";2020-07-11;"july";"21";"c53";"f";22;"n";NA;12;2;3;NA
"671";2020-07-12;"july";"43";"c53";"f";21;NA;NA;12;2;1;NA
"672";2020-07-13;"july";"16";"c53";"f";22;NA;NA;12;2;1;NA
"673";2020-07-11;"july";"41";"efb";"f";18;"n";NA;12;3;2;NA
"674";2020-08-12;"august";"3";"1e1";"f";29;"g";NA;13;1;3;NA
"675";2020-08-13;"august";"3";"1e1";"f";28;NA;NA;13;1;3;NA
"676";2020-08-12;"august";"37";"219";"f";23;"n";NA;13;3;1;NA
"677";2020-08-13;"august";"16";"236";"m";30;"n";NA;13;2;1;NA
"678";2020-08-13;"august";"26";"239";"m";34;"n";NA;13;3;2;NA
"679";2020-08-13;"august";"39";"361";"f";25;"n";NA;13;3;3;NA
"680";2020-08-14;"august";"39";"361";"f";25;NA;NA;13;3;3;NA
"681";2020-08-12;"august";"6";"511";"f";38;"g";NA;13;1;3;NA
"682";2020-08-13;"august";"4";"511";"f";38;NA;NA;13;1;1;NA
"683";2020-08-14;"august";"7";"511";"f";39;NA;NA;13;1;1;NA
"684";2020-08-13;"august";"25";"841";"f";30;"n";NA;13;3;1;NA
"685";2020-08-14;"august";"30";"841";"f";NA;NA;"drept røyskatt";13;3;3;NA
"686";2020-08-12;"august";"12";"8e6";"f";31;"n";NA;13;1;3;NA
"687";2020-08-13;"august";"11";"8e6";"f";29;NA;NA;13;1;2;NA
"688";2020-08-14;"august";"27";"7e9";"f";30;"n";NA;13;3;3;NA
"689";2020-08-13;"august";"38";"1c8";"f";21;"n";NA;13;3;2;NA
"690";2020-08-12;"august";"41";"1oe";"f";30;"n";NA;13;3;2;NA
"691";2020-08-12;"august";"22";"2od";"f";40;"n";NA;13;3;1;NA
"692";2020-08-14;"august";"20";"2od";"f";43;NA;NA;13;2;2;NA
"693";2020-08-12;"august";"40";"3ae";"f";23;"n";NA;13;3;1;NA
"694";2020-08-12;"august";"26";"4do";"m";33;"n";NA;13;3;2;NA
"695";2020-08-13;"august";"25";"4do";"m";32;NA;NA;13;3;1;NA
"696";2020-08-14;"august";"30";"4do";"m";NA;NA;"drept røyskatt";13;3;3;NA
"697";2020-08-13;"august";"22";"4f4";"f";38;"g";NA;13;3;1;NA
"698";2020-08-12;"august";"10";"6ce";"m";31;"n";NA;13;1;1;NA
"699";2020-08-13;"august";"9";"6ce";"m";30;NA;NA;13;1;3;NA
"700";2020-08-12;"august";"15";"6o8";"f";33;"n";NA;13;2;3;NA
"701";2020-08-12;"august";"42";"76b";"f";36;"n";NA;13;2;3;NA
"702";2020-08-13;"august";"19";"76b";"f";32;NA;NA;13;2;1;NA
"703";2020-08-13;"august";"24";"ac1";"f";30;"n";NA;13;3;3;NA
"704";2020-08-13;"august";"40";"af6";"f";32;"n";NA;13;3;1;NA
"705";2020-08-12;"august";"23";"c53";"f";34;"g";NA;13;3;2;NA
"706";2020-08-12;"august";"33";"d19";"f";33;"n";NA;13;3;3;NA
"707";2020-08-13;"august";"32";"d19";"f";34;NA;NA;13;3;2;NA
"708";2020-08-12;"august";"36";"d4f";"f";36;"n";NA;13;3;3;NA
"709";2020-08-13;"august";"37";"d4f";"f";34;NA;NA;13;3;1;NA
"710";2020-08-13;"august";"13";"d95";"f";37;"n";NA;13;1;1;NA
"711";2020-08-12;"august";"19";"db3";"m";32;"n";NA;13;2;1;NA
"712";2020-08-13;"august";"36";"db3";"m";32;NA;NA;13;3;3;NA
"713";2020-08-14;"august";"43";"db3";"m";33;NA;NA;13;2;1;NA
"714";2020-08-12;"august";"38";"ec8";"f";22;"n";NA;13;3;2;NA
"715";2020-08-12;"august";"4";"eff";"f";20;"n";NA;13;1;1;NA
"716";2020-08-13;"august";"45";"fbc";"f";29;"n";NA;13;2;3;NA
"717";2020-08-13;"august";"23";"o53";"f";33;"n";NA;13;3;2;NA
"718";2020-08-14;"august";"33";"o53";"f";36;NA;NA;13;3;3;NA
"719";2020-08-12;"august";"21";"o76";"m";36;"n";NA;13;2;3;NA
"720";2020-08-13;"august";"33";"o76";"m";35;NA;NA;13;3;3;NA
"721";2020-09-06;"september";"2";"1e1";"f";33;"g";NA;14;1;2;NA
"722";2020-09-08;"september";"3";"1e1";"f";30;NA;NA;14;1;3;NA
"723";2020-09-08;"september";"45";"236";"m";33;"g";NA;14;2;3;NA
"724";2020-09-06;"september";"43";"288";"f";35;"n";NA;14;2;1;NA
"725";2020-09-06;"september";"1";"511";"f";36;"g";NA;14;1;1;NA
"726";2020-09-08;"september";"7";"511";"f";34;NA;NA;14;1;1;NA
"727";2020-09-08;"september";"14";"771";"f";13;"n";NA;14;1;2;NA
"728";2020-09-08;"september";"12";"8e6";"f";38;"g";NA;14;1;3;NA
"729";2020-09-08;"september";"28";"7e9";"f";32;"g";NA;14;3;1;NA
"730";2020-09-07;"september";"41";"1oe";"f";33;"g";NA;14;3;2;NA
"731";2020-09-07;"september";"20";"2od";"f";39;"g";NA;14;2;2;NA
"732";2020-09-08;"september";"21";"4f4";"f";33;"g";NA;14;2;3;NA
"733";2020-09-07;"september";"5";"5ob";"m";19;"n";NA;14;1;2;NA
"734";2020-09-08;"september";"4";"5ob";"m";21;NA;NA;14;1;1;NA
"735";2020-09-06;"september";"40";"9d3";"f";37;"n";NA;14;3;1;NA
"736";2020-09-07;"september";"39";"9d3";"f";37;NA;NA;14;3;3;NA
"737";2020-09-08;"september";"39";"9d3";"f";33;NA;NA;14;3;3;NA
"738";2020-09-08;"september";"32";"ac1";"f";33;"g";NA;14;3;2;NA
"739";2020-09-07;"september";"23";"c53";"f";32;"g";NA;14;3;2;NA
"740";2020-09-08;"september";"31";"d19";"f";31;"g";NA;14;3;1;NA
"741";2020-09-06;"september";"42";"d4f";"f";36;"g";NA;14;2;3;NA
"742";2020-09-08;"september";"13";"d95";"f";39;"g";NA;14;1;1;NA
"743";2020-09-06;"september";"3";"dc7";"m";40;"n";NA;14;1;3;NA
"744";2020-09-07;"september";"1";"dc7";"m";38;NA;NA;14;1;1;NA
"745";2020-09-08;"september";"44";"fbc";"f";32;"g";NA;14;2;2;NA
"746";2020-09-08;"september";"41";"fc1";"f";30;"n";NA;14;3;2;NA
"747";2020-09-06;"september";"33";"o53";"f";35;"g";NA;14;3;3;NA
"748";2020-09-08;"september";"38";"o53";"f";33;NA;NA;14;3;2;NA
"749";2020-09-08;"september";"22";"o76";"m";38;"g";NA;14;3;1;NA
"750";2020-09-06;"september";"38";"oo2";"f";20;"n";"død";14;3;2;NA
"751";2020-09-08;"september";"40";"oaa";"m";34;"n";NA;14;3;1;NA
"752";2020-10-09;"october";"38";"219";"f";23;"n";NA;15;3;2;NA
"753";2020-10-08;"october";"36";"288";"f";34;"g";NA;15;3;3;NA
"754";2020-10-09;"october";"42";"288";"f";33;NA;NA;15;2;3;NA
"755";2020-10-08;"october";"1";"511";"f";33;"g";NA;15;1;1;NA
"756";2020-10-08;"october";"2";"511";"f";31;NA;NA;15;1;2;NA
"757";2020-10-09;"october";"7";"511";"f";33;NA;NA;15;1;1;NA
"758";2020-10-09;"october";"45";"6o8";"f";30;"g";NA;15;2;3;NA
"759";2020-10-07;"october";"11";"8e6";"f";32;"g";NA;15;1;2;NA
"760";2020-10-09;"october";"11";"8e6";"f";31;NA;NA;15;1;2;NA
"761";2020-10-08;"october";"41";"1oe";"f";28;"g";NA;15;3;2;NA
"762";2020-10-07;"october";"34";"2od";"f";35;"g";NA;15;3;1;NA
"763";2020-10-08;"october";"35";"2od";"f";34;NA;NA;15;3;2;NA
"764";2020-10-08;"october";"5";"5ob";"m";22;"g";NA;15;1;2;NA
"765";2020-10-07;"october";"8";"6ce";"m";32;"g";NA;15;1;2;NA
"766";2020-10-08;"october";"8";"6ce";"m";31;NA;NA;15;1;2;NA
"767";2020-10-09;"october";"9";"6ce";"m";30;NA;NA;15;1;3;NA
"768";2020-10-07;"october";"43";"9o3";"m";23;"n";NA;15;2;1;NA
"769";2020-10-09;"october";"43";"9o3";"m";21;NA;NA;15;2;1;NA
"770";2020-10-08;"october";"38";"a24";"f";26;"n";NA;15;3;2;NA
"771";2020-10-09;"october";"33";"ac1";"m";30;"g";NA;15;3;3;NA
"772";2020-10-09;"october";"40";"b1d";"f";30;"n";NA;15;3;1;NA
"773";2020-10-07;"october";"14";"bc9";"f";20;"n";NA;15;1;2;NA
"774";2020-10-07;"october";"12";"be7";"m";24;"n";NA;15;1;3;NA
"775";2020-10-09;"october";"30";"d19";"f";30;"g";NA;15;3;3;NA
"776";2020-10-09;"october";"36";"db3";"m";30;"g";NA;15;3;3;NA
"777";2020-10-07;"october";"3";"dc7";"m";38;"g";NA;15;1;3;NA
"778";2020-10-08;"october";"3";"dc7";"m";37;NA;NA;15;1;3;NA
"779";2020-10-09;"october";"3";"dc7";"m";38;NA;NA;15;1;3;NA
"780";2020-10-09;"october";"5";"ec1";"f";23;"n";NA;15;1;2;NA
"781";2020-10-09;"october";"44";"fbc";"f";31;"g";NA;15;2;2;NA
"782";2020-10-07;"october";"13";"fc6";"m";22;"n";NA;15;1;1;NA
"783";2020-10-09;"october";"18";"fd5";"f";18;"n";NA;15;2;3;NA
"784";2020-10-07;"october";"12";"fo9";"f";23;"n";NA;15;1;3;NA
"785";2020-10-08;"october";"11";"fo9";"f";23;NA;NA;15;1;2;NA
"786";2020-10-09;"october";"12";"fo9";"f";23;NA;NA;15;1;3;NA
"787";2020-10-07;"october";"31";"oo6";"m";30;"n";NA;15;3;1;NA
"788";2020-10-09;"october";"28";"oo6";"m";30;NA;NA;15;3;1;NA
"789";2020-10-07;"october";"40";"oaa";"m";30;"g";NA;15;3;1;NA
"790";2020-10-08;"october";"40";"oaa";"m";31;NA;NA;15;3;1;NA
"791";2018-06-02;"jun";"4b";"3134";"f";40;"R";NA;1;4;1;4
"792";2018-06-03;"jun";"11a";"3131";"f";48;"R";NA;1;4;2;11
"793";2018-06-03;"jun";"3b";"3134";"f";40;"r";NA;1;4;2;3
"794";2018-06-04;"jun";"8c";"3134";"f";40;"r";NA;1;4;3;8
"795";2018-07-03;"jul";"10a";"3134";"f";50;"R";NA;2;4;1;10
"796";2018-07-03;"jul";"8c";"4FA";"m";40;"n";NA;2;4;1;8
"797";2018-07-04;"jul";"11b";"617";"m";37;"n";NA;2;4;2;11
"798";2018-07-04;"jul";"11c";"6OB";"f";17;"n";NA;2;4;2;11
"799";2018-07-04;"jul";"9c";"4FA";"m";42;"r";NA;2;4;2;9
"800";2018-07-04;"jul";"8b";"443";"f";17;"n";NA;2;4;2;8
"801";2018-07-04;"jul";"7a";"3134";"f";42;"r";NA;2;4;2;7
"802";2018-07-04;"jul";"6c";"4F4";"f";47;"n";NA;2;4;2;6
"803";2018-07-05;"jul";"11a";"617";"m";36;"r";NA;2;4;3;11
"804";2018-07-05;"jul";"10a";"443";"f";17;"r";NA;2;4;3;10
"805";2018-07-05;"jul";"9a";"694";"f";18;"n";NA;2;4;3;9
"806";2018-07-05;"jul";"9c";"5EF";"m";21;"n";NA;2;4;3;9
"807";2018-07-05;"jul";"8c";"7A7";"m";31;"n";NA;2;4;3;8
"808";2018-07-05;"jul";"7c";"4F4";"f";49;"r";NA;2;4;3;7
"809";2018-07-05;"jul";"5c";"4FA";"m";40;"r";NA;2;4;3;5
"810";2018-07-05;"jul";"5c";"6OB";"f";17;"r";NA;2;4;3;5
"811";2018-07-30;"aug";"6c";"6C0";"f";53;"n";NA;3;4;1;6
"812";2018-07-30;"aug";"3b";"4BF";"f";58;"n";"mrk0001";3;4;1;3
"813";2018-07-31;"aug";"11c";"4E3";"f";42;"n";NA;3;4;2;11
"814";2018-07-31;"aug";"10b";"60B";"f";43;"R";NA;3;4;2;10
"815";2018-07-31;"aug";"9c";"694";"f";40;"R";NA;3;4;2;9
"816";2018-07-31;"aug";"8c";"7D6";"f";70;"n";"preg!";3;4;2;8
"817";2018-08-01;"aug";"10b";"6OB";"f";40;"r";NA;3;4;3;10
"818";2018-08-01;"aug";"9b";"694";"f";38;"r";NA;3;4;3;9
"819";2018-08-01;"aug";"9c";"6BB";"f";49;"n";NA;3;4;3;9
"820";2018-08-01;"aug";"6b";"6C0";"f";59;"r";NA;3;4;3;6
"821";2018-08-01;"aug";"5b";"63E";"m";12;"n";NA;3;4;3;5
"822";2018-08-01;"aug";"5b";"554";"f";9;"n";NA;3;4;3;5
"823";2018-08-01;"aug";"4c";"691";"f";12;"n";NA;3;4;3;4
"824";2018-08-01;"aug";"3b";"4BF";"f";60;"r";"diff to read!";3;4;3;3
"825";2018-09-02;"sep";"8c";"3133";"f";45;"R";"pl+/-";4;4;1;8
"826";2018-09-02;"sep";"6c";"6C0";"f";48;"R";NA;4;4;1;6
"827";2018-09-02;"sep";"4c";"54B";"m";23;"n";NA;4;4;1;4
"828";2018-09-02;"sep";"2b";"4BF";"f";48;"R";"t0001";4;4;1;2
"829";2018-09-02;"sep";"1c";"6A3";"f";50;"n";NA;4;4;1;1
"830";2018-09-03;"sep";"8b";"694";"f";40;"R";NA;4;4;2;8
"831";2018-09-03;"sep";"6c";"6C0";"f";48;"r";NA;4;4;2;6
"832";2018-09-03;"sep";"4c";"562";"f";49;"n";NA;4;4;2;4
"833";2018-09-03;"sep";"2c";"6A3";"m";46;"r";NA;4;4;2;2
"834";2018-09-04;"sep";"11b";"5000";"f";10;"n";"DIED";4;4;3;11
"835";2018-09-04;"sep";"10b";"694";"f";42;"r";NA;4;4;3;10
"836";2018-09-04;"sep";"8c";"7F0";"f";46;"R";NA;4;4;3;8
"837";2018-09-04;"sep";"5c";"549";"f";55;"n";NA;4;4;3;5
"838";2018-09-04;"sep";"4c";"562";"f";NA;"r";"jumped out";4;4;3;4
"839";2018-09-04;"sep";"4a";"760";"m";25;"R";NA;4;4;3;4
"840";2018-09-04;"sep";"1c";"6A3";"m";48;"r";NA;4;4;3;1
"841";2018-09-30;"oct";"11b";"537";"f";20;"n";NA;5;4;1;11
"842";2018-09-30;"oct";"11c";"694";"f";40;"R";NA;5;4;1;11
"843";2018-09-30;"oct";"5c";"6C0";"f";38;"R";NA;5;4;1;5
"844";2018-10-01;"oct";"4c";"702";"m";26;"n";NA;5;4;2;4
"845";2018-10-01;"oct";"2c";"4E8";"f";21;"n";NA;5;4;2;2
"846";2018-10-02;"oct";"11c";"694";"f";38;"r";NA;5;4;3;11
"847";2018-10-02;"oct";"6b";"7F4";"m";21;"n";NA;5;4;3;6
"848";2019-06-01;"jun";"10a";"7CA";"f";39;"n";NA;6;4;1;10
"849";2019-06-01;"jun";"8a";"722";"f";46;"n";NA;6;4;1;8
"850";2019-06-01;"jun";"7a";"80F";"m";54;"n";NA;6;4;1;7
"851";2019-06-01;"jun";"6c";"5F3";"f";36;"n";NA;6;4;1;6
"852";2019-06-01;"jun";"5b";"71A";"m";51;"n";NA;6;4;1;5
"853";2019-06-01;"jun";"5c";"71C";"f";47;"n";NA;6;4;1;5
"854";2019-06-01;"jun";"3b";"596";"f";40;"n";"DIED after mrk";6;4;1;3
"855";2019-06-01;"jun";"2b";"4000";"m";60;"n";NA;6;4;1;2
"856";2019-06-01;"jun";"1b";"723";"f";35;"n";NA;6;4;1;1
"857";2019-06-02;"jun";"10a";"664";"f";40;"n";NA;6;4;2;10
"858";2019-06-02;"jun";"9c";"445";"m";60;"n";NA;6;4;2;9
"859";2019-06-02;"jun";"7a";"80F";"m";52;"r";NA;6;4;2;7
"860";2019-06-02;"jun";"6c";"5F3";"f";35;"r";NA;6;4;2;6
"861";2019-06-02;"jun";"6a";"775";"f";55;"n";NA;6;4;2;6
"862";2019-06-02;"jun";"5b";"58O";"f";56;"n";"id unsure";6;4;2;5
"863";2019-06-02;"jun";"5c";"71A";"m";51;"r";NA;6;4;2;5
"864";2019-06-02;"jun";"2b";"7CC";"f";38;"n";NA;6;4;2;2
"865";2019-06-03;"jun";"10a";"7CA";"f";37;"r";NA;6;4;3;10
"866";2019-06-03;"jun";"9b";"664";"f";38;"r";NA;6;4;3;9
"867";2019-06-03;"jun";"9c";"516";"m";60;"n";NA;6;4;3;9
"868";2019-06-03;"jun";"8a";"722";"f";37;"r";NA;6;4;3;8
"869";2019-06-03;"jun";"7a";"80F";"m";51;"r";NA;6;4;3;7
"870";2019-06-03;"jun";"7c";"5F3";"f";35;"r";NA;6;4;3;7
"871";2019-06-03;"jun";"5b";"71A";"m";60;"r";NA;6;4;3;5
"872";2019-06-03;"jun";"5c";"58C";"m";62;"n";NA;6;4;3;5
"873";2019-06-03;"jun";"3b";"7CC";"f";33;"r";NA;6;4;3;3
"874";2019-06-03;"jun";"2b";"4B9";"m";55;"n";NA;6;4;3;2
"875";2019-07-02;"jul";"7a";"B13";"m";52;"n";NA;7;4;1;7
"876";2019-07-02;"jul";"7b";"61B";"f";25;"n";NA;7;4;1;7
"877";2019-07-02;"jul";"7b";"710";"m";24;"n";NA;7;4;1;7
"878";2019-07-02;"jul";"7c";"5B9";"m";25;"n";NA;7;4;1;7
"879";2019-07-02;"jul";"7c";"7B8";"m";20;"n";NA;7;4;1;7
"880";2019-07-02;"jul";"7c";"7O3";"f";23;"n";NA;7;4;1;7
"881";2019-07-02;"jul";"6c";"5001";"m";20;"n";"dead. Half eaten by shrew";7;4;1;6
"882";2019-07-02;"jul";"6a";"5O5";"f";47;"n";NA;7;4;1;6
"883";2019-07-02;"jul";"5a";"80F";"m";55;"r";NA;7;4;1;5
"884";2019-07-02;"jul";"5b";"71A";"m";57;"r";NA;7;4;1;5
"885";2019-07-02;"jul";"4c";"nnn";"m";24;"n";"forgot read";7;4;1;4
"886";2019-07-02;"jul";"1a";"65E";"m";50;"n";NA;7;4;1;1
"887";2019-07-02;"jul";"1b";"663";"f";65;"n";NA;7;4;1;1
"888";2019-07-03;"jul";"10b";"78A";"f";38;"n";"perf.";7;4;2;10
"889";2019-07-03;"jul";"9c";"7CA";"f";42;"R";NA;7;4;2;9
"890";2019-07-03;"jul";"6d";"62E";"f";15;"n";NA;7;4;2;6
"891";2019-07-03;"jul";"6d";"46C";"m";18;"n";NA;7;4;2;6
"892";2019-07-03;"jul";"6d";"760";"f";20;"n";NA;7;4;2;6
"893";2019-07-03;"jul";"7d";"437";"m";20;"n";NA;7;4;2;7
"894";2019-07-03;"jul";"7d";"681";"m";18;"n";NA;7;4;2;7
"895";2019-07-03;"jul";"7d";"7D1";"f";18;"n";NA;7;4;2;7
"896";2019-07-03;"jul";"7d";"627";"m";20;"n";NA;7;4;2;7
"897";2019-07-03;"jul";"7a";"5D0";"f";47;"n";NA;7;4;2;7
"898";2019-07-03;"jul";"7b";"61B";"f";23;"r";NA;7;4;2;7
"899";2019-07-03;"jul";"6c";"61E";"m";26;"n";NA;7;4;2;6
"900";2019-07-03;"jul";"6c";"7O3";"f";22;"r";NA;7;4;2;6
"901";2019-07-03;"jul";"6a";"80F";"m";53;"r";NA;7;4;2;6
"902";2019-07-03;"jul";"5b";"71C";"f";57;"R";NA;7;4;2;5
"903";2019-07-03;"jul";"5c";"71A";"m";54;"r";"no tail";7;4;2;5
"904";2019-07-03;"jul";"4c";"46B";"m";22;"n";NA;7;4;2;4
"905";2019-07-03;"jul";"4b";"6A9";"f";12;"n";NA;7;4;2;4
"906";2019-07-03;"jul";"2c";"7AA";"f";26;"n";NA;7;4;2;2
"907";2019-07-03;"jul";"2c";"677";"f";57;"n";NA;7;4;2;2
"908";2019-07-03;"jul";"2b";"6FC";"m";59;"n";"tail broken at base (still on)";7;4;2;2
"909";2019-07-03;"jul";"1a";"6C6";"f";26;"n";NA;7;4;2;1
"910";2019-07-03;"jul";"1c";"65E";"m";47;"r";NA;7;4;2;1
"911";2019-07-03;"jul";"1c";"5B2";"f";23;"n";NA;7;4;2;1
"912";2019-07-04;"jul";"10a";"65F";"f";40;"n";NA;7;4;3;10
"913";2019-07-04;"jul";"9b";"488";"f";34;"n";NA;7;4;3;9
"914";2019-07-04;"jul";"7d";"68E";"m";21;"n";NA;7;4;3;7
"915";2019-07-04;"jul";"7d";"754";"f";20;"n";NA;7;4;3;7
"916";2019-07-04;"jul";"7d";"547";"m";20;"n";NA;7;4;3;7
"917";2019-07-04;"jul";"7d";"5F0";"f";21;"n";NA;7;4;3;7
"918";2019-07-04;"jul";"6d";"6E4";"f";52;"n";NA;7;4;3;6
"919";2019-07-04;"jul";"6d";"7OF";"f";18;"n";NA;7;4;3;6
"920";2019-07-04;"jul";"8a";"7O3";"f";21;"r";NA;7;4;3;8
"921";2019-07-04;"jul";"6a";"819";"f";45;"n";NA;7;4;3;6
"922";2019-07-04;"jul";"5a";"80F";"m";58;"r";NA;7;4;3;5
"923";2019-07-04;"jul";"5c";"71C";"f";54;"r";NA;7;4;3;5
"924";2019-07-04;"jul";"4c";"6EO";"f";20;"n";NA;7;4;3;4
"925";2019-07-04;"jul";"4a";"558";"f";53;"n";NA;7;4;3;4
"926";2019-07-04;"jul";"2b";"6FC";"m";55;"r";NA;7;4;3;2
"927";2019-07-04;"jul";"1a";"7AA";"f";27;"r";"blood vagina";7;4;3;1
"928";2019-07-04;"jul";"1b";"65E";"m";50;"r";NA;7;4;3;1
"929";2019-07-04;"jul";"1b";"5B2";"f";25;"r";NA;7;4;3;1
"930";2019-08-03;"aug";"10b";"7CA";"f";45;"R";NA;8;4;1;10
"931";2019-08-03;"aug";"9a";"78A";"f";38;"R";NA;8;4;1;9
"932";2019-08-03;"aug";"9a";"744";"m";21;"n";NA;8;4;1;9
"933";2019-08-03;"aug";"9a";"58O";"f";21;"R";NA;8;4;1;9
"934";2019-08-03;"aug";"9b";"7E7";"m";21;"R";NA;8;4;1;9
"935";2019-08-03;"aug";"9b";"675";"f";21;"R";NA;8;4;1;9
"936";2019-08-03;"aug";"8b";"6AE";"f";21;"n";NA;8;4;1;8
"937";2019-08-03;"aug";"8b";"814";"m";22;"n";NA;8;4;1;8
"938";2019-08-03;"aug";"8b";"69F";"f";23;"n";NA;8;4;1;8
"939";2019-08-03;"aug";"8a";"71A";"m";59;"R";"half tail";8;4;1;8
"940";2019-08-03;"aug";"7b";"787";"m";23;"n";NA;8;4;1;7
"941";2019-08-03;"aug";"6c";"6OC";"f";16;"R";NA;8;4;1;6
"942";2019-08-03;"aug";"6c";"53D";"f";15;"n";NA;8;4;1;6
"943";2019-08-03;"aug";"5a";"819";"f";43;"R";NA;8;4;1;5
"944";2019-08-03;"aug";"4c";"452";"f";20;"R";NA;8;4;1;4
"945";2019-08-03;"aug";"4c";"7DC";"f";21;"n";NA;8;4;1;4
"946";2019-08-03;"aug";"3b";"71A";"m";53;"R";"lost tag! No tail";8;4;1;3
"947";2019-08-03;"aug";"3c";"767";"m";26;"n";NA;8;4;1;3
"948";2019-08-03;"aug";"2c";"663";"f";46;"R";NA;8;4;1;2
"949";2019-08-04;"aug";"10b";"5D3";"f";21;"n";NA;8;4;2;10
"950";2019-08-04;"aug";"10b";"666";"m";22;"n";NA;8;4;2;10
"951";2019-08-04;"aug";"10a";"671";"f";20;"n";NA;8;4;2;10
"952";2019-08-04;"aug";"9b";"5A1";"f";21;"n";NA;8;4;2;9
"953";2019-08-04;"aug";"9c";"7C2";"f";36;"n";NA;8;4;2;9
"954";2019-08-04;"aug";"8b";"488";"f";41;"R";NA;8;4;2;8
"955";2019-08-04;"aug";"8b";"452";"m";22;"n";NA;8;4;2;8
"956";2019-08-04;"aug";"8b";"69F";"f";21;"r";NA;8;4;2;8
"957";2019-08-04;"aug";"8a";"71A";"m";55;"r";"half tail";8;4;2;8
"958";2019-08-04;"aug";"7b";"787";"m";21;"r";NA;8;4;2;7
"959";2019-08-04;"aug";"6c";"77D";"f";17;"r";NA;8;4;2;6
"960";2019-08-04;"aug";"6a";"5O5";"f";41;"R";"likely post lac";8;4;2;6
"961";2019-08-04;"aug";"5a";"6O3";"f";20;"n";"perf.";8;4;2;5
"962";2019-08-04;"aug";"4c";"7E7";"m";24;"n";NA;8;4;2;4
"963";2019-08-04;"aug";"4a";"71A";"m";NA;"r";"NO TAIL LOST TAG, scar face";8;4;2;4
"964";2019-08-05;"aug";"10b";"7CA";"f";46;"r";NA;8;4;3;10
"965";2019-08-05;"aug";"9a";"488";"f";38;"r";NA;8;4;3;9
"966";2019-08-05;"aug";"9b";"810";"m";21;"n";NA;8;4;3;9
"967";2019-08-05;"aug";"9b";"78E";"f";22;"n";NA;8;4;3;9
"968";2019-08-05;"aug";"9c";"7C2";"f";33;"r";NA;8;4;3;9
"969";2019-08-05;"aug";"8d";"5E3";"f";52;"n";NA;8;4;3;8
"970";2019-08-05;"aug";"8b";"664";"f";47;"R";NA;8;4;3;8
"971";2019-08-05;"aug";"7b";"787";"m";22;"r";NA;8;4;3;7
"972";2019-08-05;"aug";"5c";"71C";"f";51;"R";NA;8;4;3;5
"973";2019-08-05;"aug";"4c";"791";"m";23;"n";NA;8;4;3;4
"974";2019-08-05;"aug";"3a";"5A7";"f";40;"n";NA;8;4;3;3
"975";2019-08-05;"aug";"3b";"71A";"m";NA;"r";"NO TAIL LOST TAG";8;4;3;3
"976";2019-08-05;"aug";"2c";"4E1";"f";41;"R";NA;8;4;3;2
"977";2019-08-31;"sep";"5c";"76A";"f";23;"n";NA;9;4;1;5
"978";2019-08-31;"sep";"4a";"71A";"m";55;"R";"NO TAIL LOST TAG";9;4;1;4
"979";2019-08-31;"sep";"2c";"663";"f";37;"R";NA;9;4;1;2
"980";2019-08-31;"sep";"2a";"6F2";"f";39;"n";NA;9;4;1;2
"981";2019-09-01;"sep";"9c";"7C2";"f";37;"R";NA;9;4;2;9
"982";2019-09-01;"sep";"8d";"77D";"f";53;"n";NA;9;4;2;8
"983";2019-09-01;"sep";"8b";"4E1";"m";23;"R";NA;9;4;2;8
"984";2019-09-01;"sep";"7b";"65F";"f";38;"R";NA;9;4;2;7
"985";2019-09-01;"sep";"4a";"71A";"m";NA;"r";"NO TAIL LOST TAG";9;4;2;4
"986";2019-09-01;"sep";"3b";"65E";"m";52;"R";NA;9;4;2;3
"987";2019-09-01;"sep";"2a";"5A6";"f";21;"n";NA;9;4;2;2
"988";2019-09-02;"sep";"10b";"65F";"f";38;"r";NA;9;4;3;10
"989";2019-09-02;"sep";"6c";"71C";"f";60;"R";NA;9;4;3;6
"990";2019-09-02;"sep";"5c";"6OC";"m";24;"n";NA;9;4;3;5
"991";2019-09-02;"sep";"4c";"77B";"f";24;"n";NA;9;4;3;4
"992";2019-09-02;"sep";"2a";"5A6";"f";23;"r";NA;9;4;3;2
"993";2019-10-12;"oct";"10b";"5O6";"m";12;"n";NA;10;4;1;10
"994";2019-10-12;"oct";"8b";"6B4";"f";21;"n";NA;10;4;1;8
"995";2019-10-12;"oct";"8b";"7O9";"m";21;"n";NA;10;4;1;8
"996";2019-10-12;"oct";"7b";"48C";"f";22;"n";NA;10;4;1;7
"997";2019-10-12;"oct";"5a";"555";"m";25;"n";NA;10;4;1;5
"998";2019-10-12;"oct";"5c";"498";"f";44;"n";NA;10;4;1;5
"999";2019-10-12;"oct";"4c";"732";"f";22;"n";NA;10;4;1;4
"1000";2019-10-12;"oct";"2a";"586";"m";26;"n";NA;10;4;1;2
"1001";2019-10-13;"oct";"9c";"765";"m";22;"n";NA;10;4;2;9
"1002";2019-10-13;"oct";"9c";"77A";"f";21;"n";NA;10;4;2;9
"1003";2019-10-13;"oct";"8d";"6A1";"f";24;"n";NA;10;4;2;8
"1004";2019-10-13;"oct";"8b";"6B4";"f";23;"r";NA;10;4;2;8
"1005";2019-10-13;"oct";"6c";"547";"m";25;"R";NA;10;4;2;6
"1006";2019-10-13;"oct";"5b";"498";"f";43;"r";NA;10;4;2;5
"1007";2019-10-13;"oct";"2a";"5FA";"f";22;"n";NA;10;4;2;2
"1008";2019-10-14;"oct";"9c";"765";"m";24;"r";NA;10;4;3;9
"1009";2019-10-14;"oct";"6d";"447";"m";27;"n";NA;10;4;3;6
"1010";2019-10-14;"oct";"8b";"77A";"f";22;"r";NA;10;4;3;8
"1011";2019-10-14;"oct";"5b";"7OC";"f";26;"n";NA;10;4;3;5
"1012";2019-10-14;"oct";"3a";"53F";"m";27;"n";NA;10;4;3;3
"1013";2019-10-14;"oct";"3b";"498";"f";43;"r";NA;10;4;3;3
"1014";2019-10-14;"oct";"2b";"677";"f";45;"R";NA;10;4;3;2
"1015";2019-10-14;"oct";"1a";"759";"f";22;"n";NA;10;4;3;1
"1016";2020-06-14;"jun";"3b";"588";"m";49;"n";NA;11;4;1;3
"1017";2020-06-15;"jun";"8b";"6FB";"f";33;"R";NA;11;4;2;8
"1018";2020-06-15;"jun";"3b";"58B";"f";51;"n";NA;11;4;2;3
"1019";2020-06-15;"jun";"2c";"6AC";"m";55;"n";NA;11;4;2;2
"1020";2020-06-15;"jun";"2a";"588";"m";45;"r";NA;11;4;2;2
"1021";2020-06-16;"jun";"5c";"6AC";"m";50;"r";NA;11;4;3;5
"1022";2020-06-16;"jun";"3b";"588";"m";44;"r";NA;11;4;3;3
"1023";2020-06-16;"jun";"1c";"68A";"m";50;"n";NA;11;4;3;1
"1024";2020-07-11;"jul";"2c";"4A0";"f";20;"n";NA;12;4;1;2
"1025";2020-07-12;"jul";"4c";"6D4";"f";42;"n";NA;12;4;2;4
"1026";2020-07-12;"jul";"2c";"4E1";"m";20;"n";NA;12;4;2;2
"1027";2020-07-13;"jul";"4c";"721";"f";22;"n";NA;12;4;3;4
"1028";2020-07-13;"jul";"2c";"6A8";"f";38;"n";NA;12;4;3;2
"1029";2020-08-13;"aug";"7b";"5E1";"m";37;"n";NA;13;4;1;7
"1030";2020-08-13;"aug";"2c";"667";"f";20;"n";NA;13;4;1;2
"1031";2020-08-13;"aug";"2c";"7F5";"f";23;"n";NA;13;4;1;2
"1032";2020-08-13;"aug";"2a";"626";"f";12;"n";NA;13;4;1;2
"1033";2020-08-13;"aug";"1a";"XX1";"m";NA;"n";"killed, stout, legs and tail in trap, + some skin";13;4;1;1
"1034";2020-08-14;"aug";"8d";"815";"m";49;"n";NA;13;4;2;8
"1035";2020-08-14;"aug";"4b";"782";"f";10;"n";NA;13;4;2;4
"1036";2020-08-14;"aug";"2b";"7E4";"f";12;"n";NA;13;4;2;2
"1037";2020-08-15;"aug";"4b";"782";"f";10;"r";NA;13;4;3;4
"1038";2020-09-19;"sep";"8b";"77A";"f";38;"R";NA;14;4;2;8
"1039";2020-09-20;"sep";"7b";"77A";"f";38;"r";NA;14;4;3;7
"1040";2020-10-09;"oct";"6a";"468";"f";48;"n";NA;15;4;1;6
"1041";2020-10-10;"oct";"1c";"667";"f";37;"R";NA;15;4;2;1
"1042";2020-10-11;"oct";"9c";"804";"m";42;"n";NA;15;4;3;9
"1043";2020-10-11;"oct";"6a";"468";"f";39;"r";NA;15;4;3;6
