"";"year";"month";"station";"tagged";"id";"category";"c1";"c2";"weight";"sex";"date";"trapseason";"Nindnum";"transect"
"1";2018;"juni";"G1";1;105;2;0;1;NA;0;2018-06-16;1;"0007D5FFFC";"MASOY"
"2";2018;"juni";"G1";1;106;3;1;1;NA;0;2018-06-16;1;"0007D39947";"MASOY"
"3";2018;"juni";"G1";1;145;2;0;1;NA;0;2018-06-16;1;"0007D2BF5E";"MASOY"
"4";2018;"juni";"G1";1;146;2;0;1;NA;0;2018-06-16;1;"0007D6080B";"MASOY"
"5";2018;"juni";"G10";1;102;2;0;1;NA;0;2018-06-16;1;"0007D60174";"MASOY"
"6";2018;"juni";"G10";1;110;3;1;1;NA;0;2018-06-16;1;"0007D60771";"MASOY"
"7";2018;"juni";"G11";1;98;3;1;1;NA;0,5;2018-06-16;1;"0007D3A9E8";"MASOY"
"8";2018;"juni";"G11";1;99;3;1;1;NA;0,5;2018-06-16;1;"0007D612E6";"MASOY"
"9";2018;"juni";"G11";1;100;3;1;1;NA;0,5;2018-06-16;1;"0007D60325";"MASOY"
"10";2018;"juni";"G11";1;101;2;0;1;NA;0,5;2018-06-16;1;"0007D60FE5";"MASOY"
"11";2018;"juni";"G11";1;111;3;1;1;NA;0,5;2018-06-16;1;"0007D3082C";"MASOY"
"12";2018;"juni";"G11";1;112;1;1;0;NA;0,5;2018-06-16;1;"0007D37311";"MASOY"
"13";2018;"juni";"G11";1;132;2;0;1;NA;0,5;2018-06-16;1;"0007D26800";"MASOY"
"14";2018;"juni";"G11";0;133;2;0;1;NA;0,5;2018-06-16;1;"UNMF";"MASOY"
"15";2018;"juni";"G11";0;134;2;0;1;NA;0,5;2018-06-16;1;"UNMG";"MASOY"
"16";2018;"juni";"G11";0;135;2;0;1;NA;0,5;2018-06-16;1;"UNMH";"MASOY"
"17";2018;"juni";"G11";1;136;2;0;1;NA;0,5;2018-06-16;1;"0007D30847";"MASOY"
"18";2018;"juni";"G11";0;137;2;0;1;NA;0,5;2018-06-16;1;"UNMI";"MASOY"
"19";2018;"juni";"G12";1;92;3;1;1;NA;0;2018-06-16;1;"0007D60EEA";"MASOY"
"20";2018;"juni";"G12";1;97;2;0;1;NA;0;2018-06-16;1;"0007D6055A";"MASOY"
"21";2018;"juni";"G12";1;113;1;1;0;NA;0;2018-06-16;1;"0007D2D786";"MASOY"
"22";2018;"juni";"G12";1;114;1;1;0;NA;0;2018-06-16;1;"0007D3992C";"MASOY"
"23";2018;"juni";"G12";0;115;1;1;0;NA;0;2018-06-16;1;"UNMA";"MASOY"
"24";2018;"juni";"G12";1;116;3;1;1;NA;0;2018-06-16;1;"0007D2DFAC";"MASOY"
"25";2018;"juni";"G12";0;127;2;0;1;NA;0;2018-06-16;1;"UNME1";"MASOY"
"26";2018;"juni";"G12";1;128;2;0;1;NA;0;2018-06-16;1;"0007D3102F";"MASOY"
"27";2018;"juni";"G12";0;129;2;0;1;NA;0;2018-06-16;1;"UNME2";"MASOY"
"28";2018;"juni";"G12";0;130;2;0;1;NA;0;2018-06-16;1;"UNME3";"MASOY"
"29";2018;"juni";"G12";1;131;2;0;1;NA;0;2018-06-16;1;"0007D5FFAF";"MASOY"
"30";2018;"juni";"G14";1;96;2;0;1;NA;0;2018-06-16;1;"0007D61048";"MASOY"
"31";2018;"juni";"G14";1;117;3;1;1;NA;0;2018-06-16;1;"0007D6054F";"MASOY"
"32";2018;"juni";"G15";1;118;1;1;0;NA;0,5;2018-06-16;1;"0007D6138F";"MASOY"
"33";2018;"juni";"G15";1;126;2;0;1;NA;0,5;2018-06-16;1;"0007D613A3";"MASOY"
"34";2018;"juni";"G16";1;95;2;0;1;NA;0;2018-06-16;1;"0007D60B39";"MASOY"
"35";2018;"juni";"G16";1;119;3;1;1;NA;0;2018-06-16;1;"0007D60AEE";"MASOY"
"36";2018;"juni";"G19";1;94;2;0;1;NA;0,5;2018-06-16;1;"0007D60B2E";"MASOY"
"37";2018;"juni";"G19";1;120;3;1;1;NA;0,5;2018-06-16;1;"0007D6128B";"MASOY"
"38";2018;"juni";"G19";0;121;3;1;1;NA;1;2018-06-16;1;"UNMB";"MASOY"
"39";2018;"juni";"G19";0;122;3;1;1;NA;1;2018-06-16;1;"UNMC";"MASOY"
"40";2018;"juni";"G19";0;123;3;1;1;NA;1;2018-06-16;1;"UNMD";"MASOY"
"41";2018;"juni";"G19";1;124;1;1;0;NA;0,5;2018-06-16;1;"0007D60748";"MASOY"
"42";2018;"juni";"G2";1;104;2;0;1;NA;0;2018-06-16;1;"0007D60005";"MASOY"
"43";2018;"juni";"G2";1;107;3;1;1;NA;0;2018-06-16;1;"0007D607DA";"MASOY"
"44";2018;"juni";"G2";0;139;2;0;1;NA;0;2018-06-16;1;"UNMJ1";"MASOY"
"45";2018;"juni";"G2";0;140;2;0;1;NA;0;2018-06-16;1;"UNMJ2";"MASOY"
"46";2018;"juni";"G2";0;141;2;0;1;NA;0;2018-06-16;1;"UNMJ3";"MASOY"
"47";2018;"juni";"G2";0;142;2;0;1;NA;0;2018-06-16;1;"UNMJ4";"MASOY"
"48";2018;"juni";"G2";0;143;2;0;1;NA;0;2018-06-16;1;"UNMJ5";"MASOY"
"49";2018;"juni";"G2";1;144;2;0;1;NA;0;2018-06-16;1;"0007D60571";"MASOY"
"50";2018;"juni";"G20";1;93;2;0;1;NA;0;2018-06-16;1;"0007D60914";"MASOY"
"51";2018;"juni";"G20";1;125;3;1;1;NA;0;2018-06-16;1;"0007D60469";"MASOY"
"52";2018;"juni";"G7";1;108;1;1;0;NA;0;2018-06-16;1;"0007D327AA";"MASOY"
"53";2018;"juni";"G8";1;103;3;1;1;NA;0;2018-06-16;1;"0007D2C9AC";"MASOY"
"54";2018;"juni";"G8";1;109;1;1;0;NA;0;2018-06-16;1;"0007D2E678";"MASOY"
"55";2018;"juni";"G8";1;138;2;0;1;NA;0;2018-06-16;1;"0007D485C1";"MASOY"
"56";2018;"juni";"T1-2";1;848;2;0;1;34,5;0,5;2018-06-16;1;"0007D60676";"PORSANGER"
"57";2018;"juni";"T1-2";1;872;1;1;0;34,5;0,5;2018-06-16;1;"0007D2B774";"PORSANGER"
"58";2018;"juni";"T1-2";1;873;2;0;1;34,5;0,5;2018-06-16;1;"0007D3A8B5";"PORSANGER"
"59";2018;"juni";"T1-3";1;849;2;0;1;37,5;0,5;2018-06-16;1;"0007D60CAC";"PORSANGER"
"60";2018;"juni";"T1-3";1;871;1;1;0;37,5;0,5;2018-06-16;1;"0007D3D189";"PORSANGER"
"61";2018;"juni";"T2-1";1;843;3;1;1;42,5;1;2018-06-16;1;"0007D39A1C";"PORSANGER"
"62";2018;"juni";"T2-1";1;844;1;1;0;42,5;1;2018-06-16;1;"0007D2E246";"PORSANGER"
"63";2018;"juni";"T2-1";1;845;1;1;0;42,5;1;2018-06-16;1;"0007D31A54";"PORSANGER"
"64";2018;"juni";"T2-1";1;850;2;0;1;42,5;1;2018-06-16;1;"0007D5FD6C";"PORSANGER"
"65";2018;"juni";"T2-1";1;851;2;0;1;42,5;1;2018-06-16;1;"0007D60DB8";"PORSANGER"
"66";2018;"juni";"T2-1";1;852;2;0;1;42,5;1;2018-06-16;1;"0007D5FEF4";"PORSANGER"
"67";2018;"juni";"T2-1";1;858;3;1;1;42,5;1;2018-06-16;1;"0007D6166F";"PORSANGER"
"68";2018;"juni";"T2-1";1;859;3;1;1;42,5;1;2018-06-16;1;"0007D606CC";"PORSANGER"
"69";2018;"juni";"T2-1";1;860;3;1;1;42,5;1;2018-06-16;1;"0007D610EB";"PORSANGER"
"70";2018;"juni";"T2-1";1;861;3;1;1;42,5;1;2018-06-16;1;"0007D6027B";"PORSANGER"
"71";2018;"juni";"T2-1";1;862;3;1;1;42,5;1;2018-06-16;1;"0007D60C2F";"PORSANGER"
"72";2018;"juni";"T2-1";1;863;3;1;1;42,5;1;2018-06-16;1;"0007D6134A";"PORSANGER"
"73";2018;"juni";"T2-1";1;864;1;1;0;42,5;1;2018-06-16;1;"0007D2D589";"PORSANGER"
"74";2018;"juni";"T2-1";1;874;2;0;1;42,5;1;2018-06-16;1;"0007D615A4";"PORSANGER"
"75";2018;"juni";"T2-1";1;875;2;0;1;42,5;1;2018-06-16;1;"0007D306EA";"PORSANGER"
"76";2018;"juni";"T2-2";1;846;1;1;0;46;0,5;2018-06-16;1;"0007D60376";"PORSANGER"
"77";2018;"juni";"T2-2";1;847;3;1;1;46;0,5;2018-06-16;1;"0007D60977";"PORSANGER"
"78";2018;"juni";"T2-2";1;853;2;0;1;46;0,5;2018-06-16;1;"0007D5FFFB";"PORSANGER"
"79";2018;"juni";"T2-2";1;854;3;1;1;46;0,5;2018-06-16;1;"0007D6138D";"PORSANGER"
"80";2018;"juni";"T2-2";1;865;1;1;0;46;0,5;2018-06-16;1;"0007D60630";"PORSANGER"
"81";2018;"juni";"T2-2";1;866;1;1;0;46;0,5;2018-06-16;1;"0007D6120B";"PORSANGER"
"82";2018;"juni";"T2-2";1;867;3;1;1;46;0,5;2018-06-16;1;"0007D60A1A";"PORSANGER"
"83";2018;"juni";"T2-2";1;868;3;1;1;46;0,5;2018-06-16;1;"0007D6029E";"PORSANGER"
"84";2018;"juni";"T2-2";1;869;1;1;0;46;0,5;2018-06-16;1;"0007D609D1";"PORSANGER"
"85";2018;"juni";"T2-2";0;870;1;1;0;40;0;2018-06-16;1;"UNMA";"PORSANGER"
"86";2018;"juni";"T2-2";1;876;2;0;1;46;0,5;2018-06-16;1;"0007D3A656";"PORSANGER"
"87";2018;"juni";"T2-2";1;877;2;0;1;46;0,5;2018-06-16;1;"0007D6104E";"PORSANGER"
"88";2018;"juni";"T2-2";1;878;2;0;1;46;0,5;2018-06-16;1;"0007D2C99E";"PORSANGER"
"89";2018;"juni";"T3-1";1;879;2;0;1;42;1;2018-06-16;1;"0007D60D5D";"PORSANGER"
"90";2018;"juni";"T3-2";1;855;2;0;1;15;1;2018-06-16;1;"0007D318E5";"PORSANGER"
"91";2018;"juni";"T3-2";1;856;2;0;1;15;1;2018-06-16;1;"0007D61404";"PORSANGER"
"92";2018;"juni";"T3-2";1;857;1;1;0;15;1;2018-06-16;1;"0007D3CF8F";"PORSANGER"
"93";2018;"juni";"T5-1";1;880;2;0;1;43;1;2018-06-16;1;"0007D2D094";"PORSANGER"
"94";2018;"juni";"T5-2";1;842;3;1;1;39,5;1;2018-06-16;1;"0007D60241";"PORSANGER"
"95";2018;"august";"G01";1;21;1;1;0;36;1;2018-08-02;2;"0007D3A19B";"MASOY"
"96";2018;"august";"G01";1;22;1;1;0;36;1;2018-08-02;2;"0007D2D3E9";"MASOY"
"97";2018;"august";"G01";1;23;3;1;1;36;1;2018-08-02;2;"0007D60397";"MASOY"
"98";2018;"august";"G01";1;24;1;1;0;36;1;2018-08-02;2;"0007D395AE";"MASOY"
"99";2018;"august";"G01";1;63;2;0;1;36;1;2018-08-02;2;"0007D5FFCE";"MASOY"
"100";2018;"august";"G01";1;64;2;0;1;36;1;2018-08-02;2;"0007D3C35F";"MASOY"
"101";2018;"august";"G01";1;65;2;0;1;36;1;2018-08-02;2;"0007DFA8C0";"MASOY"
"102";2018;"august";"G01";1;87;2;0;1;36;1;2018-08-02;2;"0007D3DC13";"MASOY"
"103";2018;"august";"G01";1;88;2;0;1;36;1;2018-08-02;2;"0007D2C1DA";"MASOY"
"104";2018;"august";"G01";1;89;2;0;1;36;1;2018-08-02;2;"0007D60FC6";"MASOY"
"105";2018;"august";"G01";1;90;2;0;1;36;1;2018-08-02;2;"0007D2C973";"MASOY"
"106";2018;"august";"G01";1;91;2;0;1;36;1;2018-08-02;2;"0007DFA979";"MASOY"
"107";2018;"august";"G02";1;25;3;1;1;29;1;2018-08-02;2;"0007D3CC12";"MASOY"
"108";2018;"august";"G02";1;26;1;1;0;29;1;2018-08-02;2;"0007D3D18D";"MASOY"
"109";2018;"august";"G02";1;27;3;1;1;29;1;2018-08-02;2;"0007D39E3E";"MASOY"
"110";2018;"august";"G02";1;28;3;1;1;29;1;2018-08-02;2;"0007D607DA";"MASOY"
"111";2018;"august";"G02";1;29;3;1;1;29;1;2018-08-02;2;"0007D60666";"MASOY"
"112";2018;"august";"G02";1;30;1;1;0;29;1;2018-08-02;2;"0007D32A47";"MASOY"
"113";2018;"august";"G02";0;60;2;0;1;NA;1;2018-08-02;2;"UNM019";"MASOY"
"114";2018;"august";"G02";1;61;2;0;1;29;1;2018-08-02;2;"0007D5FEF1";"MASOY"
"115";2018;"august";"G02";1;62;2;0;1;29;1;2018-08-02;2;"0007D2DA8B";"MASOY"
"116";2018;"august";"G02";1;82;2;0;1;29;1;2018-08-02;2;"0007D604DF";"MASOY"
"117";2018;"august";"G02";1;83;2;0;1;29;1;2018-08-02;2;"0007D3085C";"MASOY"
"118";2018;"august";"G02";1;84;2;0;1;29;1;2018-08-02;2;"0007D613CF";"MASOY"
"119";2018;"august";"G02";1;85;2;0;1;29;1;2018-08-02;2;"0007D30D57";"MASOY"
"120";2018;"august";"G02";1;86;2;0;1;29;1;2018-08-02;2;"0007D60E2D";"MASOY"
"121";2018;"august";"G04";1;31;1;1;0;34;1;2018-08-02;2;"0007D30692";"MASOY"
"122";2018;"august";"G04";1;81;2;0;1;34;1;2018-08-02;2;"0007D2E1AE";"MASOY"
"123";2018;"august";"G06";0;77;2;0;1;NA;1;2018-08-02;2;"UNM027";"MASOY"
"124";2018;"august";"G06";0;78;2;0;1;NA;1;2018-08-02;2;"UNM028";"MASOY"
"125";2018;"august";"G06";0;79;2;0;1;NA;1;2018-08-02;2;"UNM029";"MASOY"
"126";2018;"august";"G06";0;80;2;0;1;NA;1;2018-08-02;2;"UNM030";"MASOY"
"127";2018;"august";"G08";1;32;3;1;1;31;1;2018-08-02;2;"0007D36D9A";"MASOY"
"128";2018;"august";"G08";0;33;1;1;0;11;0;2018-08-02;2;"UNM008";"MASOY"
"129";2018;"august";"G08";0;54;2;0;1;11;0;2018-08-02;2;"UNM016";"MASOY"
"130";2018;"august";"G08";0;55;2;0;1;11;0;2018-08-02;2;"UNM017";"MASOY"
"131";2018;"august";"G08";0;56;2;0;1;11;0;2018-08-02;2;"UNM018";"MASOY"
"132";2018;"august";"G08";1;57;2;0;1;31;1;2018-08-02;2;"0007D5FF23";"MASOY"
"133";2018;"august";"G08";1;58;2;0;1;31;1;2018-08-02;2;"0007D5FF44";"MASOY"
"134";2018;"august";"G08";1;59;2;0;1;31;1;2018-08-02;2;"0007D305B9";"MASOY"
"135";2018;"august";"G08";0;75;2;0;1;11;0;2018-08-02;2;"UNM025";"MASOY"
"136";2018;"august";"G08";0;76;2;0;1;11;0;2018-08-02;2;"UNM026";"MASOY"
"137";2018;"august";"G11";1;5;1;1;0;36,5;1;2018-08-02;2;"0007D3082C";"MASOY"
"138";2018;"august";"G11";1;6;1;1;0;36,5;1;2018-08-02;2;"0007D3653C";"MASOY"
"139";2018;"august";"G11";1;7;3;1;1;36,5;1;2018-08-02;2;"0007D60848";"MASOY"
"140";2018;"august";"G11";1;34;3;1;1;36,5;1;2018-08-02;2;"0007D30847";"MASOY"
"141";2018;"august";"G11";1;35;3;1;1;36,5;1;2018-08-02;2;"0007D60A13";"MASOY"
"142";2018;"august";"G11";1;36;3;1;1;36,5;1;2018-08-02;2;"0007D3A9E8";"MASOY"
"143";2018;"august";"G11";1;50;2;0;1;36,5;1;2018-08-02;2;"0007D5B816";"MASOY"
"144";2018;"august";"G11";1;51;2;0;1;36,5;1;2018-08-02;2;"0007D3DAC0";"MASOY"
"145";2018;"august";"G11";0;52;2;0;1;NA;0,5;2018-08-02;2;"UNM014";"MASOY"
"146";2018;"august";"G11";0;53;2;0;1;NA;0,5;2018-08-02;2;"UNM015";"MASOY"
"147";2018;"august";"G11";1;73;2;0;1;36,5;1;2018-08-02;2;"0007D2C800";"MASOY"
"148";2018;"august";"G11";1;74;2;0;1;36,5;1;2018-08-02;2;"0007D32699";"MASOY"
"149";2018;"august";"G15";1;8;3;1;1;25;0;2018-08-02;2;"0007D2DFEE";"MASOY"
"150";2018;"august";"G15";1;9;1;1;0;25;0;2018-08-02;2;"0007D60258";"MASOY"
"151";2018;"august";"G15";1;37;3;1;1;25;0;2018-08-02;2;"0007D6075F";"MASOY"
"152";2018;"august";"G15";0;38;1;1;0;32;1;2018-08-02;2;"UNM010";"MASOY"
"153";2018;"august";"G15";1;49;2;0;1;25;0;2018-08-02;2;"0007D613A3";"MASOY"
"154";2018;"august";"G15";1;71;2;0;1;25;0;2018-08-02;2;"0007D2CD93";"MASOY"
"155";2018;"august";"G15";0;72;2;0;1;32;1;2018-08-02;2;"UNMNA2";"MASOY"
"156";2018;"august";"G16";1;10;1;1;0;41,5;0,5;2018-08-02;2;"0007D2DEA3";"MASOY"
"157";2018;"august";"G16";1;11;1;1;0;41,5;0,5;2018-08-02;2;"0007D3947D";"MASOY"
"158";2018;"august";"G16";1;39;3;1;1;41,5;0,5;2018-08-02;2;"0007D60AEE";"MASOY"
"159";2018;"august";"G16";1;40;3;1;1;41,5;0,5;2018-08-02;2;"0007D30CDD";"MASOY"
"160";2018;"august";"G19";0;12;1;1;0;11;0;2018-08-02;2;"UNM002";"MASOY"
"161";2018;"august";"G19";0;13;1;1;0;11;0;2018-08-02;2;"UNM003";"MASOY"
"162";2018;"august";"G19";0;14;1;1;0;11;0;2018-08-02;2;"UNM004";"MASOY"
"163";2018;"august";"G19";1;15;3;1;1;41;0;2018-08-02;2;"0007D3D9AA";"MASOY"
"164";2018;"august";"G19";0;16;1;1;0;11;0;2018-08-02;2;"UNM005";"MASOY"
"165";2018;"august";"G19";0;17;1;1;0;11;0;2018-08-02;2;"UNM006";"MASOY"
"166";2018;"august";"G19";0;18;1;1;0;11;0;2018-08-02;2;"UNM007";"MASOY"
"167";2018;"august";"G19";1;41;1;1;0;41;0;2018-08-02;2;"0007D2BBDE";"MASOY"
"168";2018;"august";"G19";1;42;1;1;0;41;0;2018-08-02;2;"0007D3A8DB";"MASOY"
"169";2018;"august";"G19";1;43;1;1;0;41;0;2018-08-02;2;"0007D2E1A1";"MASOY"
"170";2018;"august";"G19";0;66;2;0;1;11;0;2018-08-02;2;"UNM020";"MASOY"
"171";2018;"august";"G19";0;67;2;0;1;11;0;2018-08-02;2;"UNM021";"MASOY"
"172";2018;"august";"G19";0;68;2;0;1;11;0;2018-08-02;2;"UNM022";"MASOY"
"173";2018;"august";"G19";0;69;2;0;1;11;0;2018-08-02;2;"UNM023";"MASOY"
"174";2018;"august";"G19";0;70;2;0;1;11;0;2018-08-02;2;"UNM024";"MASOY"
"175";2018;"august";"G2";1;1;1;1;0;23;1;2018-08-02;2;"0007D61132";"MASOY"
"176";2018;"august";"G2";0;2;1;1;0;NA;NA;2018-08-02;2;"UNMNA1";"MASOY"
"177";2018;"august";"G20";1;19;1;1;0;38;0,5;2018-08-02;2;"0007D39AEF";"MASOY"
"178";2018;"august";"G20";1;20;3;1;1;38;0,5;2018-08-02;2;"0007D3C69E";"MASOY"
"179";2018;"august";"G20";1;44;1;1;0;38;0,5;2018-08-02;2;"0007D60469";"MASOY"
"180";2018;"august";"G20";1;45;1;1;0;38;0,5;2018-08-02;2;"0007D2BBDE";"MASOY"
"181";2018;"august";"G20";1;46;1;1;0;38;0,5;2018-08-02;2;"0007D2E1A1";"MASOY"
"182";2018;"august";"G20";0;47;2;0;1;9,5;NA;2018-08-02;2;"UNM011";"MASOY"
"183";2018;"august";"G20";0;48;2;0;1;9,5;NA;2018-08-02;2;"UNM012";"MASOY"
"184";2018;"august";"G8";0;3;1;1;0;11;1;2018-08-02;2;"UNM001";"MASOY"
"185";2018;"august";"G8";1;4;1;1;0;54;0;2018-08-02;2;"0007D2C9AC";"MASOY"
"186";2018;"august";"T1-3";1;781;3;1;1;32;0;2018-08-02;2;"0007D5FFC4";"PORSANGER"
"187";2018;"august";"T1-3";1;782;3;1;1;32;0;2018-08-02;2;"0007D3A8B5";"PORSANGER"
"188";2018;"august";"T1-3";1;818;2;0;1;32;0;2018-08-02;2;"0007D2D4D2";"PORSANGER"
"189";2018;"august";"T2-1";0;761;1;1;0;11,5;0;2018-08-02;2;"UNM031";"PORSANGER"
"190";2018;"august";"T2-1";0;762;1;1;0;11,5;0;2018-08-02;2;"UNM032";"PORSANGER"
"191";2018;"august";"T2-1";1;763;3;1;1;30;1;2018-08-02;2;"0007D606CC";"PORSANGER"
"192";2018;"august";"T2-1";1;764;3;1;1;30;1;2018-08-02;2;"0007D60C2F";"PORSANGER"
"193";2018;"august";"T2-1";1;765;1;1;0;30;1;2018-08-02;2;"0007D6081D";"PORSANGER"
"194";2018;"august";"T2-1";1;766;1;1;0;30;1;2018-08-02;2;"0007D6134A";"PORSANGER"
"195";2018;"august";"T2-1";1;767;1;1;0;30;1;2018-08-02;2;"0007D6027B";"PORSANGER"
"196";2018;"august";"T2-1";0;768;1;1;0;11,5;0;2018-08-02;2;"UNM033";"PORSANGER"
"197";2018;"august";"T2-1";1;787;1;1;0;30;1;2018-08-02;2;"0007D5FE76";"PORSANGER"
"198";2018;"august";"T2-1";1;788;1;1;0;30;1;2018-08-02;2;"0007D2B662";"PORSANGER"
"199";2018;"august";"T2-1";1;789;1;1;0;30;1;2018-08-02;2;"0007D61597";"PORSANGER"
"200";2018;"august";"T2-1";1;790;3;1;1;30;1;2018-08-02;2;"0007D2B8A2";"PORSANGER"
"201";2018;"august";"T2-1";1;791;3;1;1;30;1;2018-08-02;2;"0007D315DC";"PORSANGER"
"202";2018;"august";"T2-1";0;805;2;0;1;11,5;0;2018-08-02;2;"UNM038";"PORSANGER"
"203";2018;"august";"T2-1";1;806;2;0;1;30;1;2018-08-02;2;"0007D60F18";"PORSANGER"
"204";2018;"august";"T2-1";0;807;2;0;1;11,5;0;2018-08-02;2;"UNM039";"PORSANGER"
"205";2018;"august";"T2-1";1;808;2;0;1;30;1;2018-08-02;2;"0007D2C4D3";"PORSANGER"
"206";2018;"august";"T2-1";1;809;2;0;1;30;1;2018-08-02;2;"0007D60AF4";"PORSANGER"
"207";2018;"august";"T2-1";0;819;2;0;1;11,5;0;2018-08-02;2;"UNM044";"PORSANGER"
"208";2018;"august";"T2-1";1;820;2;0;1;30;1;2018-08-02;2;"0007D39F78";"PORSANGER"
"209";2018;"august";"T2-1";1;821;2;0;1;30;1;2018-08-02;2;"0007D30685";"PORSANGER"
"210";2018;"august";"T2-1";0;822;2;0;1;11,5;0;2018-08-02;2;"UNM045";"PORSANGER"
"211";2018;"august";"T2-1";1;823;2;0;1;30;1;2018-08-02;2;"0007D48569";"PORSANGER"
"212";2018;"august";"T2-1";0;824;2;0;1;11,5;0;2018-08-02;2;"UNM046";"PORSANGER"
"213";2018;"august";"T2-1";0;825;2;0;1;11,5;0;2018-08-02;2;"UNM047";"PORSANGER"
"214";2018;"august";"T2-1";1;826;2;0;1;30;1;2018-08-02;2;"0007D2DD26";"PORSANGER"
"215";2018;"august";"T2-1";1;827;2;0;1;30;1;2018-08-02;2;"0007D5C88D";"PORSANGER"
"216";2018;"august";"T2-1";0;828;2;0;1;11,5;0;2018-08-02;2;"UNM048";"PORSANGER"
"217";2018;"august";"T2-2";1;769;1;1;0;34;1;2018-08-02;2;"0007D6144D";"PORSANGER"
"218";2018;"august";"T2-2";1;770;3;1;1;34;1;2018-08-02;2;"0007D32F13";"PORSANGER"
"219";2018;"august";"T2-2";0;771;1;1;0;12;1;2018-08-02;2;"UNMNA8";"PORSANGER"
"220";2018;"august";"T2-2";0;772;1;1;0;12;1;2018-08-02;2;"UNMNA9";"PORSANGER"
"221";2018;"august";"T2-2";0;773;1;1;0;12;1;2018-08-02;2;"UNM034";"PORSANGER"
"222";2018;"august";"T2-2";1;774;3;1;1;34;1;2018-08-02;2;"0007D2CC7D";"PORSANGER"
"223";2018;"august";"T2-2";1;775;1;1;0;34;1;2018-08-02;2;"0007D2C2B8";"PORSANGER"
"224";2018;"august";"T2-2";1;776;3;1;1;34;1;2018-08-02;2;"0007D2CDE4";"PORSANGER"
"225";2018;"august";"T2-2";1;777;1;1;0;34;1;2018-08-02;2;"0007D6086F";"PORSANGER"
"226";2018;"august";"T2-2";1;778;3;1;1;34;1;2018-08-02;2;"0007D60081";"PORSANGER"
"227";2018;"august";"T2-2";1;779;1;1;0;34;1;2018-08-02;2;"0007D6084C";"PORSANGER"
"228";2018;"august";"T2-2";1;780;1;1;0;34;1;2018-08-02;2;"0007D2DB56";"PORSANGER"
"229";2018;"august";"T2-2";1;792;3;1;1;34;1;2018-08-02;2;"0007D60630";"PORSANGER"
"230";2018;"august";"T2-2";0;793;1;1;0;12;1;2018-08-02;2;"UNM036";"PORSANGER"
"231";2018;"august";"T2-2";0;794;1;1;0;12;1;2018-08-02;2;"UNM037";"PORSANGER"
"232";2018;"august";"T2-2";1;795;3;1;1;34;1;2018-08-02;2;"0007D61568";"PORSANGER"
"233";2018;"august";"T2-2";1;796;3;1;1;34;1;2018-08-02;2;"0007D3A112";"PORSANGER"
"234";2018;"august";"T2-2";1;797;1;1;0;34;1;2018-08-02;2;"0007D3657A";"PORSANGER"
"235";2018;"august";"T2-2";1;798;1;1;0;34;1;2018-08-02;2;"0007D60001";"PORSANGER"
"236";2018;"august";"T2-2";1;799;3;1;1;34;1;2018-08-02;2;"0007D3D57E";"PORSANGER"
"237";2018;"august";"T2-2";1;800;3;1;1;34;1;2018-08-02;2;"0007D3CCE2";"PORSANGER"
"238";2018;"august";"T2-2";1;801;3;1;1;34;1;2018-08-02;2;"0007D6138D";"PORSANGER"
"239";2018;"august";"T2-2";1;802;3;1;1;34;1;2018-08-02;2;"0007D609D1";"PORSANGER"
"240";2018;"august";"T2-2";1;803;1;1;0;34;1;2018-08-02;2;"0007D5FF89";"PORSANGER"
"241";2018;"august";"T2-2";1;804;1;1;0;34;1;2018-08-02;2;"0007D61674";"PORSANGER"
"242";2018;"august";"T2-2";1;810;2;0;1;34;1;2018-08-02;2;"0007D3977A";"PORSANGER"
"243";2018;"august";"T2-2";0;811;2;0;1;12;1;2018-08-02;2;"UNM040";"PORSANGER"
"244";2018;"august";"T2-2";0;812;2;0;1;12;1;2018-08-02;2;"UNM041";"PORSANGER"
"245";2018;"august";"T2-2";0;813;2;0;1;12;1;2018-08-02;2;"UNMNA10";"PORSANGER"
"246";2018;"august";"T2-2";0;814;2;0;1;12;1;2018-08-02;2;"UNM042";"PORSANGER"
"247";2018;"august";"T2-2";1;815;2;0;1;34;1;2018-08-02;2;"0007D60A1A";"PORSANGER"
"248";2018;"august";"T2-2";1;816;2;0;1;34;1;2018-08-02;2;"0007D60784";"PORSANGER"
"249";2018;"august";"T2-2";1;817;2;0;1;34;1;2018-08-02;2;"0007D60069";"PORSANGER"
"250";2018;"august";"T2-2";1;829;2;0;1;34;1;2018-08-02;2;"0007D39712";"PORSANGER"
"251";2018;"august";"T2-2";0;830;2;0;1;12;1;2018-08-02;2;"UNM049";"PORSANGER"
"252";2018;"august";"T2-2";0;831;2;0;1;12;1;2018-08-02;2;"UNM050";"PORSANGER"
"253";2018;"august";"T2-2";0;832;2;0;1;12;1;2018-08-02;2;"UNM051";"PORSANGER"
"254";2018;"august";"T2-2";1;833;2;0;1;34;1;2018-08-02;2;"0007D3176F";"PORSANGER"
"255";2018;"august";"T2-2";0;834;2;0;1;12;1;2018-08-02;2;"UNM052";"PORSANGER"
"256";2018;"august";"T2-2";0;835;2;0;1;12;1;2018-08-02;2;"UNM053";"PORSANGER"
"257";2018;"august";"T2-2";1;836;2;0;1;34;1;2018-08-02;2;"0007D2CD66";"PORSANGER"
"258";2018;"august";"T2-2";1;837;2;0;1;34;1;2018-08-02;2;"0007D3D7C6";"PORSANGER"
"259";2018;"august";"T2-2";1;838;2;0;1;34;1;2018-08-02;2;"0007D600F4";"PORSANGER"
"260";2018;"august";"T2-2";1;839;2;0;1;34;1;2018-08-02;2;"0007D308DE";"PORSANGER"
"261";2018;"august";"T3-2";1;786;1;1;0;36;0;2018-08-02;2;"0007D2BEB9";"PORSANGER"
"262";2018;"august";"T3-2";0;840;2;0;1;NA;1;2018-08-02;2;"UNM054";"PORSANGER"
"263";2018;"august";"T3-2";0;841;2;0;1;NA;1;2018-08-02;2;"UNM055";"PORSANGER"
"264";2018;"august";"T5-2";1;783;1;1;0;22;1;2018-08-02;2;"0007D60468";"PORSANGER"
"265";2018;"august";"T5-2";1;784;1;1;0;22;1;2018-08-02;2;"0007D39A95";"PORSANGER"
"266";2018;"august";"T5-2";1;785;1;1;0;22;1;2018-08-02;2;"0007D3AAEB";"PORSANGER"
"267";2018;"september";"G01";1;197;3;1;1;30;0,5;2018-09-11;3;"0007DFB4AB";"MASOY"
"268";2018;"september";"G01";1;198;3;1;1;30;0,5;2018-09-11;3;"0007DFB4B1";"MASOY"
"269";2018;"september";"G01";1;199;3;1;1;30;0,5;2018-09-11;3;"0007DFB64C";"MASOY"
"270";2018;"september";"G01";1;200;1;1;0;30;0,5;2018-09-11;3;"0007DFA979";"MASOY"
"271";2018;"september";"G01";1;247;2;0;1;30;0,5;2018-09-11;3;"0007DFC1DA";"MASOY"
"272";2018;"september";"G01";1;248;2;0;1;30;0,5;2018-09-11;3;"0007DFB444";"MASOY"
"273";2018;"september";"G01";1;249;2;0;1;30;0,5;2018-09-11;3;"0007DFA19B";"MASOY"
"274";2018;"september";"G01";1;276;2;0;1;30;0,5;2018-09-11;3;"0007DFFFCE";"MASOY"
"275";2018;"september";"G01";1;277;2;0;1;30;0,5;2018-09-11;3;"0007DFB5E8";"MASOY"
"276";2018;"september";"G01";0;278;2;0;1;28;0;2018-09-11;3;"UNMNA4";"MASOY"
"277";2018;"september";"G01";1;279;2;0;1;30;0,5;2018-09-11;3;"0007DFB614";"MASOY"
"278";2018;"september";"G01";1;280;2;0;1;30;0,5;2018-09-11;3;"0007DFBA29";"MASOY"
"279";2018;"september";"G02";1;201;1;1;0;27;1;2018-09-11;3;"0007DF0D57";"MASOY"
"280";2018;"september";"G02";1;202;1;1;0;27;1;2018-09-11;3;"0007DF0E2D";"MASOY"
"281";2018;"september";"G02";1;203;1;1;0;27;1;2018-09-11;3;"0007DFB657";"MASOY"
"282";2018;"september";"G02";1;204;1;1;0;27;1;2018-09-11;3;"0007DFB7E5";"MASOY"
"283";2018;"september";"G02";1;205;3;1;1;27;1;2018-09-11;3;"0007DFB676";"MASOY"
"284";2018;"september";"G02";1;206;3;1;1;27;1;2018-09-11;3;"0007DFB527";"MASOY"
"285";2018;"september";"G02";1;207;1;1;0;27;1;2018-09-11;3;"0007DFB6FD";"MASOY"
"286";2018;"september";"G02";1;245;2;0;1;27;1;2018-09-11;3;"0007DF9E3E";"MASOY"
"287";2018;"september";"G02";1;246;2;0;1;27;1;2018-09-11;3;"0007DFB79E";"MASOY"
"288";2018;"september";"G02";1;268;2;0;1;27;1;2018-09-11;3;"0007DF0DF7";"MASOY"
"289";2018;"september";"G02";1;269;2;0;1;27;1;2018-09-11;3;"0007DFB8A0";"MASOY"
"290";2018;"september";"G02";1;270;2;0;1;27;1;2018-09-11;3;"0007DF13CF";"MASOY"
"291";2018;"september";"G02";0;271;2;0;1;8;0;2018-09-11;3;"UNM008";"MASOY"
"292";2018;"september";"G02";1;272;2;0;1;27;1;2018-09-11;3;"0007DFB552";"MASOY"
"293";2018;"september";"G02";1;273;2;0;1;27;1;2018-09-11;3;"0007DFB774";"MASOY"
"294";2018;"september";"G02";1;274;2;0;1;27;1;2018-09-11;3;"0007DFB7BC";"MASOY"
"295";2018;"september";"G02";1;275;2;0;1;27;1;2018-09-11;3;"0007DFB086";"MASOY"
"296";2018;"september";"G06";1;208;1;1;0;25;0;2018-09-11;3;"0007DFB48F";"MASOY"
"297";2018;"september";"G06";1;209;1;1;0;25;0;2018-09-11;3;"0007DFB6A7";"MASOY"
"298";2018;"september";"G06";1;242;2;0;1;25;0;2018-09-11;3;"0007DFB450";"MASOY"
"299";2018;"september";"G06";1;243;2;0;1;25;0;2018-09-11;3;"0007DFB7F9";"MASOY"
"300";2018;"september";"G06";1;244;2;0;1;25;0;2018-09-11;3;"0007DFB495";"MASOY"
"301";2018;"september";"G06";1;264;2;0;1;25;0;2018-09-11;3;"0007DFBB15";"MASOY"
"302";2018;"september";"G06";1;265;2;0;1;25;0;2018-09-11;3;"0007DFB9F4";"MASOY"
"303";2018;"september";"G06";1;266;2;0;1;25;0;2018-09-11;3;"0007DFB87D";"MASOY"
"304";2018;"september";"G06";1;267;2;0;1;25;0;2018-09-11;3;"0007DFB519";"MASOY"
"305";2018;"september";"G08";1;210;1;1;0;30;0;2018-09-11;3;"0007DFB50B";"MASOY"
"306";2018;"september";"G08";1;211;3;1;1;30;0;2018-09-11;3;"0007DFB442";"MASOY"
"307";2018;"september";"G08";1;212;3;1;1;30;0;2018-09-11;3;"0007DFB816";"MASOY"
"308";2018;"september";"G08";1;240;2;0;1;30;0;2018-09-11;3;"0007DFC9AC";"MASOY"
"309";2018;"september";"G08";1;241;2;0;1;30;0;2018-09-11;3;"0007DFB69C";"MASOY"
"310";2018;"september";"G08";1;260;2;0;1;30;0;2018-09-11;3;"0007DFB8C8";"MASOY"
"311";2018;"september";"G08";1;261;2;0;1;30;0;2018-09-11;3;"0007DFB8D9";"MASOY"
"312";2018;"september";"G08";1;262;2;0;1;30;0;2018-09-11;3;"0007DFBA42";"MASOY"
"313";2018;"september";"G08";1;263;2;0;1;30;0;2018-09-11;3;"0007DFB478";"MASOY"
"314";2018;"september";"G1";1;147;1;1;0;38;0;2018-09-11;3;"0007D5FFCE";"MASOY"
"315";2018;"september";"G1";1;148;1;1;0;38;0;2018-09-11;3;"0007DFB614";"MASOY"
"316";2018;"september";"G1";1;149;1;1;0;38;0;2018-09-11;3;"0007DFB5E8";"MASOY"
"317";2018;"september";"G11";1;164;1;1;0;35,5;0;2018-09-11;3;"0007DFB85C";"MASOY"
"318";2018;"september";"G11";1;165;3;1;1;35,5;0;2018-09-11;3;"0007DFBB61";"MASOY"
"319";2018;"september";"G11";1;166;1;1;0;35,5;0;2018-09-11;3;"0007DF33OD";"MASOY"
"320";2018;"september";"G11";1;167;3;1;1;35,5;0;2018-09-11;3;"0007DFDACÃ˜";"MASOY"
"321";2018;"september";"G11";0;168;1;1;0;NA;0;2018-09-11;3;"UNM001";"MASOY"
"322";2018;"september";"G11";0;169;1;1;0;NA;0;2018-09-11;3;"UNM002";"MASOY"
"323";2018;"september";"G11";0;170;1;1;0;NA;0;2018-09-11;3;"UNM003";"MASOY"
"324";2018;"september";"G11";0;171;1;1;0;NA;0;2018-09-11;3;"UNM004";"MASOY"
"325";2018;"september";"G11";0;172;1;1;0;NA;0;2018-09-11;3;"UNM005";"MASOY"
"326";2018;"september";"G11";1;173;1;1;0;35,5;0;2018-09-11;3;"0007DFBB65";"MASOY"
"327";2018;"september";"G11";1;174;1;1;0;35,5;0;2018-09-11;3;"0007DFB908";"MASOY"
"328";2018;"september";"G11";1;213;3;1;1;35,5;0;2018-09-11;3;"0007DFB522";"MASOY"
"329";2018;"september";"G11";1;214;1;1;0;35,5;0;2018-09-11;3;"0007DFA9E8";"MASOY"
"330";2018;"september";"G11";1;215;3;1;1;35,5;0;2018-09-11;3;"0007DFB459";"MASOY"
"331";2018;"september";"G11";1;216;3;1;1;35,5;0;2018-09-11;3;"0007DFB9E7";"MASOY"
"332";2018;"september";"G11";1;237;2;0;1;35,5;0;2018-09-11;3;"0007DFB692";"MASOY"
"333";2018;"september";"G11";1;238;2;0;1;35,5;0;2018-09-11;3;"0007DFB62D";"MASOY"
"334";2018;"september";"G11";1;239;2;0;1;35,5;0;2018-09-11;3;"0007DFAE98";"MASOY"
"335";2018;"september";"G11";1;258;2;0;1;35,5;0;2018-09-11;3;"0007DF3390";"MASOY"
"336";2018;"september";"G11";1;259;2;0;1;35,5;0;2018-09-11;3;"0007DFBBG5";"MASOY"
"337";2018;"september";"G15";1;175;1;1;0;28;1;2018-09-11;3;"0007DF04B4";"MASOY"
"338";2018;"september";"G15";1;176;1;1;0;28;1;2018-09-11;3;"0007DF0BF8";"MASOY"
"339";2018;"september";"G15";1;177;1;1;0;28;1;2018-09-11;3;"0007DF0EEB";"MASOY"
"340";2018;"september";"G15";1;178;1;1;0;28;1;2018-09-11;3;"0007DF13E2";"MASOY"
"341";2018;"september";"G15";1;179;1;1;0;28;1;2018-09-11;3;"0007DF012B";"MASOY"
"342";2018;"september";"G15";1;180;3;1;1;28;1;2018-09-11;3;"0007DFDFEE";"MASOY"
"343";2018;"september";"G15";1;181;3;1;1;28;1;2018-09-11;3;"0007DF02D5";"MASOY"
"344";2018;"september";"G15";1;182;3;1;1;28;1;2018-09-11;3;"0007DF0258";"MASOY"
"345";2018;"september";"G15";1;217;3;1;1;28;1;2018-09-11;3;"0007DFB7FE";"MASOY"
"346";2018;"september";"G15";1;218;1;1;0;28;1;2018-09-11;3;"0007DFB61C";"MASOY"
"347";2018;"september";"G15";1;219;3;1;1;28;1;2018-09-11;3;"0007DFB56E";"MASOY"
"348";2018;"september";"G15";1;220;3;1;1;28;1;2018-09-11;3;"0007DFB6FA";"MASOY"
"349";2018;"september";"G15";1;233;2;0;1;28;1;2018-09-11;3;"0007DFB7E6";"MASOY"
"350";2018;"september";"G15";1;234;2;0;1;28;1;2018-09-11;3;"0007DFB4B8";"MASOY"
"351";2018;"september";"G15";1;235;2;0;1;28;1;2018-09-11;3;"0007DFB6B6";"MASOY"
"352";2018;"september";"G15";1;236;2;0;1;28;1;2018-09-11;3;"0007DFB753";"MASOY"
"353";2018;"september";"G15";1;255;2;0;1;28;1;2018-09-11;3;"0007DFB551";"MASOY"
"354";2018;"september";"G15";1;256;2;0;1;28;1;2018-09-11;3;"0007DF05EB";"MASOY"
"355";2018;"september";"G15";0;257;2;0;1;11;1;2018-09-11;3;"UNM006";"MASOY"
"356";2018;"september";"G16";1;183;3;1;1;30;1;2018-09-11;3;"0007DFDEA3";"MASOY"
"357";2018;"september";"G16";1;184;3;1;1;30;1;2018-09-11;3;"0007DF0726";"MASOY"
"358";2018;"september";"G16";1;185;3;1;1;30;1;2018-09-11;3;"0007DF0DE0";"MASOY"
"359";2018;"september";"G16";1;186;3;1;1;30;1;2018-09-11;3;"0007DFB55A";"MASOY"
"360";2018;"september";"G16";1;221;1;1;0;30;1;2018-09-11;3;"0007DFB451";"MASOY"
"361";2018;"september";"G16";1;231;2;0;1;30;1;2018-09-11;3;"0007DFB52C";"MASOY"
"362";2018;"september";"G16";1;232;2;0;1;30;1;2018-09-11;3;"0007DFB5C3";"MASOY"
"363";2018;"september";"G16";1;251;2;0;1;30;1;2018-09-11;3;"0007DFB47B";"MASOY"
"364";2018;"september";"G16";1;252;2;0;1;30;1;2018-09-11;3;"0007DFB7F3";"MASOY"
"365";2018;"september";"G16";1;253;2;0;1;30;1;2018-09-11;3;"0007DFB793";"MASOY"
"366";2018;"september";"G16";1;254;2;0;1;30;1;2018-09-11;3;"0007DFB7AÃ˜";"MASOY"
"367";2018;"september";"G19";1;187;1;1;0;25;0,5;2018-09-11;3;"0007DFB972";"MASOY"
"368";2018;"september";"G19";1;188;3;1;1;25;0,5;2018-09-11;3;"0007DFBB2C";"MASOY"
"369";2018;"september";"G19";1;189;3;1;1;25;0,5;2018-09-11;3;"0007DFBB11";"MASOY"
"370";2018;"september";"G19";1;190;3;1;1;25;0,5;2018-09-11;3;"0007DFB86F";"MASOY"
"371";2018;"september";"G19";1;191;1;1;0;25;0,5;2018-09-11;3;"0007DFA8DB";"MASOY"
"372";2018;"september";"G19";1;222;3;1;1;25;0,5;2018-09-11;3;"0007DFBBDE";"MASOY"
"373";2018;"september";"G19";1;223;3;1;1;25;0,5;2018-09-11;3;"0007DFB66B";"MASOY"
"374";2018;"september";"G19";1;224;3;1;1;25;0,5;2018-09-11;3;"0007DFB790";"MASOY"
"375";2018;"september";"G19";1;230;2;0;1;25;0,5;2018-09-11;3;"0007DFB719";"MASOY"
"376";2018;"september";"G19";1;250;2;0;1;25;0,5;2018-09-11;3;"0007DFB758";"MASOY"
"377";2018;"september";"G2";1;150;1;1;0;28;1;2018-09-11;3;"0007DF13CF";"MASOY"
"378";2018;"september";"G2";1;151;1;1;0;28;1;2018-09-11;3;"0007DFB5BÃ˜";"MASOY"
"379";2018;"september";"G2";1;152;1;1;0;28;1;2018-09-11;3;"0007DFB7BC";"MASOY"
"380";2018;"september";"G2";1;153;1;1;0;28;1;2018-09-11;3;"0007DFB552";"MASOY"
"381";2018;"september";"G2";1;154;1;1;0;28;1;2018-09-11;3;"0007DFB774";"MASOY"
"382";2018;"september";"G2";0;155;1;1;0;NA;0;2018-09-11;3;"UNMNA3";"MASOY"
"383";2018;"september";"G20";1;192;1;1;0;24;1;2018-09-11;3;"0007DFB8E8";"MASOY"
"384";2018;"september";"G20";1;193;3;1;1;24;1;2018-09-11;3;"0007DFB97A";"MASOY"
"385";2018;"september";"G20";1;194;3;1;1;24;1;2018-09-11;3;"0007DFBA81";"MASOY"
"386";2018;"september";"G20";1;195;3;1;1;24;1;2018-09-11;3;"0007DFBB7D";"MASOY"
"387";2018;"september";"G20";1;196;3;1;1;24;1;2018-09-11;3;"0007DFB60A";"MASOY"
"388";2018;"september";"G20";1;225;3;1;1;24;1;2018-09-11;3;"0007DFB734";"MASOY"
"389";2018;"september";"G20";1;226;3;1;1;24;1;2018-09-11;3;"0007DFB5D8";"MASOY"
"390";2018;"september";"G20";1;227;1;1;0;24;1;2018-09-11;3;"0007DFB506";"MASOY"
"391";2018;"september";"G20";1;228;3;1;1;24;1;2018-09-11;3;"0007DFB518";"MASOY"
"392";2018;"september";"G20";1;229;2;0;1;24;1;2018-09-11;3;"0007DFB6F1";"MASOY"
"393";2018;"september";"G5";1;156;1;1;0;25;1;2018-09-11;3;"0007DFB4F6";"MASOY"
"394";2018;"september";"G5";1;157;1;1;0;25;1;2018-09-11;3;"0007DFB453";"MASOY"
"395";2018;"september";"G5";1;158;1;1;0;25;1;2018-09-11;3;"0007DFB55F";"MASOY"
"396";2018;"september";"G8";1;159;1;1;0;25;0;2018-09-11;3;"0007DFB8C8";"MASOY"
"397";2018;"september";"G8";1;160;1;1;0;25;0;2018-09-11;3;"0007DFB948";"MASOY"
"398";2018;"september";"G8";1;161;1;1;0;25;0;2018-09-11;3;"0007DFBBFÃ˜";"MASOY"
"399";2018;"september";"G8";1;162;1;1;0;25;0;2018-09-11;3;"0007DFBA42";"MASOY"
"400";2018;"september";"G8";1;163;1;1;0;25;0;2018-09-11;3;"0007DFB548";"MASOY"
"401";2018;"september";"T1-2";1;917;1;1;0;27,5;0;2018-09-11;3;"0007DFB809";"PORSANGER"
"402";2018;"september";"T1-2";1;918;3;1;1;27,5;0;2018-09-11;3;"0007DFB482";"PORSANGER"
"403";2018;"september";"T1-2";1;919;1;1;0;27,5;0;2018-09-11;3;"0007DFFFC4";"PORSANGER"
"404";2018;"september";"T1-2";1;920;1;1;0;27,5;0;2018-09-11;3;"0007DFA8B5";"PORSANGER"
"405";2018;"september";"T1-2";1;921;2;0;1;27,5;0;2018-09-11;3;"0007DFB748";"PORSANGER"
"406";2018;"september";"T1-2";1;922;2;0;1;27,5;0;2018-09-11;3;"0007DF0F22";"PORSANGER"
"407";2018;"september";"T1-2";1;985;1;1;0;27,5;0;2018-09-11;3;"0007DF0F92";"PORSANGER"
"408";2018;"september";"T1-2";1;986;3;1;1;27,5;0;2018-09-11;3;"0007DF165B";"PORSANGER"
"409";2018;"september";"T1-2";1;987;1;1;0;27,5;0;2018-09-11;3;"0007DFDF22";"PORSANGER"
"410";2018;"september";"T1-2";1;990;2;0;1;27,5;0;2018-09-11;3;"0007DFB6B1";"PORSANGER"
"411";2018;"september";"T1-2";1;991;2;0;1;27,5;0;2018-09-11;3;"0007DFB507";"PORSANGER"
"412";2018;"september";"T1-2";1;992;2;0;1;27,5;0;2018-09-11;3;"0007DFD4D2";"PORSANGER"
"413";2018;"september";"T1-3";1;923;2;0;1;37;0,5;2018-09-11;3;"0007DFB4C1";"PORSANGER"
"414";2018;"september";"T1-3";0;988;1;1;0;12;1;2018-09-11;3;"UNM003";"PORSANGER"
"415";2018;"september";"T1-3";1;989;3;1;1;37;0,5;2018-09-11;3;"0007DFD189";"PORSANGER"
"416";2018;"september";"T1-3";0;993;2;0;1;12;1;2018-09-11;3;"UNM004";"PORSANGER"
"417";2018;"september";"T1-3";1;994;2;0;1;37;0,5;2018-09-11;3;"0007DFB935";"PORSANGER"
"418";2018;"september";"T2-1";1;890;1;1;0;27;1;2018-09-11;3;"0007DFB593";"PORSANGER"
"419";2018;"september";"T2-1";1;891;3;1;1;27;1;2018-09-11;3;"0007DFC4D3";"PORSANGER"
"420";2018;"september";"T2-1";1;892;1;1;0;27;1;2018-09-11;3;"0007DFB641";"PORSANGER"
"421";2018;"september";"T2-1";1;893;1;1;0;27;1;2018-09-11;3;"0007DFB6B6";"PORSANGER"
"422";2018;"september";"T2-1";1;894;1;1;0;27;1;2018-09-11;3;"0007DFB44D";"PORSANGER"
"423";2018;"september";"T2-1";1;895;3;1;1;27;1;2018-09-11;3;"0007DFB60D";"PORSANGER"
"424";2018;"september";"T2-1";1;896;1;1;0;27;1;2018-09-11;3;"0007DF1597";"PORSANGER"
"425";2018;"september";"T2-1";1;897;3;1;1;27;1;2018-09-11;3;"0007DF15DC";"PORSANGER"
"426";2018;"september";"T2-1";1;898;1;1;0;27;1;2018-09-11;3;"0007DFB64A";"PORSANGER"
"427";2018;"september";"T2-1";1;924;2;0;1;27;1;2018-09-11;3;"0007DFB75D";"PORSANGER"
"428";2018;"september";"T2-1";0;925;2;0;1;25;1;2018-09-11;3;"UNM002";"PORSANGER"
"429";2018;"september";"T2-1";1;955;3;1;1;27;1;2018-09-11;3;"0007DFBB5C";"PORSANGER"
"430";2018;"september";"T2-1";1;956;3;1;1;27;1;2018-09-11;3;"0007DFB895";"PORSANGER"
"431";2018;"september";"T2-1";1;957;3;1;1;27;1;2018-09-11;3;"0007DFB859";"PORSANGER"
"432";2018;"september";"T2-1";1;958;1;1;0;27;1;2018-09-11;3;"0007DFB992";"PORSANGER"
"433";2018;"september";"T2-1";1;959;1;1;0;27;1;2018-09-11;3;"0007DF9F78";"PORSANGER"
"434";2018;"september";"T2-1";1;960;3;1;1;27;1;2018-09-11;3;"0007DFB7CB";"PORSANGER"
"435";2018;"september";"T2-1";0;961;1;1;0;25;1;2018-09-11;3;"UNMNA12";"PORSANGER"
"436";2018;"september";"T2-1";1;962;1;1;0;27;1;2018-09-11;3;"0007DF0GCC";"PORSANGER"
"437";2018;"september";"T2-1";1;963;3;1;1;27;1;2018-09-11;3;"0007DF134A";"PORSANGER"
"438";2018;"september";"T2-1";1;964;3;1;1;27;1;2018-09-11;3;"0007DFBC16";"PORSANGER"
"439";2018;"september";"T2-1";1;965;1;1;0;27;1;2018-09-11;3;"0007DFBA42";"PORSANGER"
"440";2018;"september";"T2-1";1;966;3;1;1;27;1;2018-09-11;3;"0007DFBACF";"PORSANGER"
"441";2018;"september";"T2-1";1;967;3;1;1;27;1;2018-09-11;3;"0007DFB4F7";"PORSANGER"
"442";2018;"september";"T2-1";1;968;1;1;0;27;1;2018-09-11;3;"0007DFBA5C";"PORSANGER"
"443";2018;"september";"T2-1";1;969;3;1;1;27;1;2018-09-11;3;"0007DFB9C1";"PORSANGER"
"444";2018;"september";"T2-1";0;970;1;1;0;25;1;2018-09-11;3;"UNMNA13";"PORSANGER"
"445";2018;"september";"T2-1";1;971;3;1;1;27;1;2018-09-11;3;"0007DFBA3A";"PORSANGER"
"446";2018;"september";"T2-1";1;972;3;1;1;27;1;2018-09-11;3;"0007DFB858";"PORSANGER"
"447";2018;"september";"T2-1";1;995;2;0;1;27;1;2018-09-11;3;"0007DFD589";"PORSANGER"
"448";2018;"september";"T2-1";1;996;2;0;1;27;1;2018-09-11;3;"0007DF06CC";"PORSANGER"
"449";2018;"september";"T2-1";1;997;2;0;1;27;1;2018-09-11;3;"0007DFB608";"PORSANGER"
"450";2018;"september";"T2-1";1;998;2;0;1;27;1;2018-09-11;3;"0007DFB6DD";"PORSANGER"
"451";2018;"september";"T2-1";1;999;2;0;1;27;1;2018-09-11;3;"0007DF0C2F";"PORSANGER"
"452";2018;"september";"T2-1";1;1000;2;0;1;27;1;2018-09-11;3;"0007DFBA48";"PORSANGER"
"453";2018;"september";"T2-1";1;1001;2;0;1;27;1;2018-09-11;3;"0007DFB653";"PORSANGER"
"454";2018;"september";"T2-2";1;899;3;1;1;25;1;2018-09-11;3;"0007DFB6CB";"PORSANGER"
"455";2018;"september";"T2-2";1;900;1;1;0;25;1;2018-09-11;3;"0007DFB6AD";"PORSANGER"
"456";2018;"september";"T2-2";1;901;3;1;1;25;1;2018-09-11;3;"0007DFB455";"PORSANGER"
"457";2018;"september";"T2-2";1;902;1;1;0;25;1;2018-09-11;3;"0007DFC2B8";"PORSANGER"
"458";2018;"september";"T2-2";1;903;1;1;0;25;1;2018-09-11;3;"0007DFD7C6";"PORSANGER"
"459";2018;"september";"T2-2";1;904;1;1;0;25;1;2018-09-11;3;"0007DFB788";"PORSANGER"
"460";2018;"september";"T2-2";1;905;3;1;1;25;1;2018-09-11;3;"0007DFB612";"PORSANGER"
"461";2018;"september";"T2-2";1;906;3;1;1;25;1;2018-09-11;3;"0007DFCD66";"PORSANGER"
"462";2018;"september";"T2-2";1;907;1;1;0;25;1;2018-09-11;3;"0007DFB9D9";"PORSANGER"
"463";2018;"september";"T2-2";1;908;3;1;1;25;1;2018-09-11;3;"0007DFB51B";"PORSANGER"
"464";2018;"september";"T2-2";1;909;1;1;0;25;1;2018-09-11;3;"0007DFB5E4";"PORSANGER"
"465";2018;"september";"T2-2";1;910;3;1;1;25;1;2018-09-11;3;"0007DFB6AF";"PORSANGER"
"466";2018;"september";"T2-2";1;911;3;1;1;25;1;2018-09-11;3;"0007DFB6EE";"PORSANGER"
"467";2018;"september";"T2-2";0;912;1;1;0;12,5;0,5;2018-09-11;3;"UNM001";"PORSANGER"
"468";2018;"september";"T2-2";1;913;3;1;1;25;1;2018-09-11;3;"0007DFB4BB";"PORSANGER"
"469";2018;"september";"T2-2";1;914;1;1;0;25;1;2018-09-11;3;"0007DFDB56";"PORSANGER"
"470";2018;"september";"T2-2";1;915;1;1;0;25;1;2018-09-11;3;"0007DFB78D";"PORSANGER"
"471";2018;"september";"T2-2";1;916;3;1;1;25;1;2018-09-11;3;"0007DF043F";"PORSANGER"
"472";2018;"september";"T2-2";1;926;3;1;1;25;1;2018-09-11;3;"0007DF13AB";"PORSANGER"
"473";2018;"september";"T2-2";1;927;2;0;1;25;1;2018-09-11;3;"0007DFB637";"PORSANGER"
"474";2018;"september";"T2-2";1;928;2;0;1;25;1;2018-09-11;3;"0007DFB5C8";"PORSANGER"
"475";2018;"september";"T2-2";1;929;2;0;1;25;1;2018-09-11;3;"0007DFB576";"PORSANGER"
"476";2018;"september";"T2-2";1;930;2;0;1;25;1;2018-09-11;3;"0007DFAAB2";"PORSANGER"
"477";2018;"september";"T2-2";1;931;2;0;1;25;1;2018-09-11;3;"0007DFDB66";"PORSANGER"
"478";2018;"september";"T2-2";1;973;3;1;1;25;1;2018-09-11;3;"0007DF0630";"PORSANGER"
"479";2018;"september";"T2-2";1;974;3;1;1;25;1;2018-09-11;3;"0007DFB53C";"PORSANGER"
"480";2018;"september";"T2-2";1;975;3;1;1;25;1;2018-09-11;3;"0007DFBB96";"PORSANGER"
"481";2018;"september";"T2-2";1;976;3;1;1;25;1;2018-09-11;3;"0007DF02BD";"PORSANGER"
"482";2018;"september";"T2-2";1;977;1;1;0;25;1;2018-09-11;3;"0007DFCC7D";"PORSANGER"
"483";2018;"september";"T2-2";1;978;3;1;1;25;1;2018-09-11;3;"0007DFFD82";"PORSANGER"
"484";2018;"september";"T2-2";1;979;1;1;0;25;1;2018-09-11;3;"0007DF1568";"PORSANGER"
"485";2018;"september";"T2-2";1;980;1;1;0;25;1;2018-09-11;3;"0007DF0FB0";"PORSANGER"
"486";2018;"september";"T2-2";1;981;1;1;0;25;1;2018-09-11;3;"0007DF0534";"PORSANGER"
"487";2018;"september";"T2-2";1;982;1;1;0;25;1;2018-09-11;3;"0007DF11FA";"PORSANGER"
"488";2018;"september";"T2-2";1;983;3;1;1;25;1;2018-09-11;3;"0007DFD57E";"PORSANGER"
"489";2018;"september";"T2-2";1;984;1;1;0;25;1;2018-09-11;3;"0007DF0BAC";"PORSANGER"
"490";2018;"september";"T2-2";0;1002;2;0;1;12,5;0,5;2018-09-11;3;"UNMNA14";"PORSANGER"
"491";2018;"september";"T2-2";1;1003;2;0;1;25;1;2018-09-11;3;"0007DFB543";"PORSANGER"
"492";2018;"september";"T2-2";1;1004;2;0;1;25;1;2018-09-11;3;"0007DFB6AØ";"PORSANGER"
"493";2018;"september";"T2-2";1;1005;2;0;1;25;1;2018-09-11;3;"0007DF2F13";"PORSANGER"
"494";2018;"september";"T2-2";1;1006;2;0;1;25;1;2018-09-11;3;"0007DFB9C4";"PORSANGER"
"495";2018;"september";"T2-2";1;1007;2;0;1;25;1;2018-09-11;3;"0007DF0001";"PORSANGER"
"496";2018;"september";"T2-2";1;1008;2;0;1;25;1;2018-09-11;3;"0007DFDFBD";"PORSANGER"
"497";2018;"september";"T2-2";1;1009;2;0;1;25;1;2018-09-11;3;" 0007DFB5A3";"PORSANGER"
"498";2018;"september";"T2-2";1;1010;2;0;1;25;1;2018-09-11;3;"0007DFB61F";"PORSANGER"
"499";2018;"september";"T2-2";1;1011;2;0;1;25;1;2018-09-11;3;"0007DF09D1";"PORSANGER"
"500";2018;"september";"T2-2";1;1012;2;0;1;25;1;2018-09-11;3;"0007DFB70D";"PORSANGER"
"501";2018;"september";"T2-2";1;1013;2;0;1;25;1;2018-09-11;3;"0007DFB795";"PORSANGER"
"502";2018;"september";"T2-2";1;1014;2;0;1;25;1;2018-09-11;3;"0007DFB525";"PORSANGER"
"503";2018;"september";"T3-1";1;953;3;1;1;37;0;2018-09-11;3;"0007DFBA2E";"PORSANGER"
"504";2018;"september";"T3-2";1;886;1;1;0;30;1;2018-09-11;3;"0007DFB73D";"PORSANGER"
"505";2018;"september";"T3-2";1;887;1;1;0;30;1;2018-09-11;3;"0007DFB5D5";"PORSANGER"
"506";2018;"september";"T3-2";1;888;3;1;1;30;1;2018-09-11;3;"0007DFBEB9";"PORSANGER"
"507";2018;"september";"T3-2";0;889;1;1;0;29;1;2018-09-11;3;"UNMNA11";"PORSANGER"
"508";2018;"september";"T3-2";1;932;2;0;1;30;1;2018-09-11;3;"0007DFB44F";"PORSANGER"
"509";2018;"september";"T3-2";1;933;2;0;1;30;1;2018-09-11;3;"0007DFB55E";"PORSANGER"
"510";2018;"september";"T3-2";1;934;2;0;1;30;1;2018-09-11;3;"0007DFB520";"PORSANGER"
"511";2018;"september";"T3-2";1;954;3;1;1;30;1;2018-09-11;3;"0007DFB90D";"PORSANGER"
"512";2018;"september";"T5-1";1;940;3;1;1;15;0;2018-09-11;3;"0007DFB792";"PORSANGER"
"513";2018;"september";"T5-1";1;941;3;1;1;15;0;2018-09-11;3;"0007DFB4EF";"PORSANGER"
"514";2018;"september";"T5-1";1;942;3;1;1;15;0;2018-09-11;3;"0007DFB6D8";"PORSANGER"
"515";2018;"september";"T5-1";1;943;3;1;1;15;0;2018-09-11;3;"0007DFB6BØ";"PORSANGER"
"516";2018;"september";"T5-1";1;944;3;1;1;15;0;2018-09-11;3;"0007DFB55C";"PORSANGER"
"517";2018;"september";"T5-1";1;945;1;1;0;15;0;2018-09-11;3;"0007DFB8ØA";"PORSANGER"
"518";2018;"september";"T5-1";1;946;1;1;0;15;0;2018-09-11;3;"0007DFB6B3";"PORSANGER"
"519";2018;"september";"T5-1";1;947;1;1;0;15;0;2018-09-11;3;"0007DFB6Ø2";"PORSANGER"
"520";2018;"september";"T5-1";1;948;3;1;1;15;0;2018-09-11;3;"0007DFB5CE";"PORSANGER"
"521";2018;"september";"T5-1";1;949;1;1;0;15;0;2018-09-11;3;"0007DFB582";"PORSANGER"
"522";2018;"september";"T5-1";1;950;3;1;1;15;0;2018-09-11;3;"0007DFB7AB";"PORSANGER"
"523";2018;"september";"T5-1";1;951;1;1;0;15;0;2018-09-11;3;"0007DFB828";"PORSANGER"
"524";2018;"september";"T5-1";1;952;1;1;0;15;0;2018-09-11;3;"0007DFB6Ø3";"PORSANGER"
"525";2018;"september";"T5-1";1;1015;2;0;1;15;0;2018-09-11;3;"0007DFB80A";"PORSANGER"
"526";2018;"september";"T5-1";1;1016;2;0;1;15;0;2018-09-11;3;"0007DFB8D8";"PORSANGER"
"527";2018;"september";"T5-1";1;1017;2;0;1;15;0;2018-09-11;3;"0007DFB60E";"PORSANGER"
"528";2018;"september";"T5-1";1;1018;2;0;1;15;0;2018-09-11;3;"0007DFB638";"PORSANGER"
"529";2018;"september";"T5-1";1;1019;2;0;1;15;0;2018-09-11;3;"0007DFB602";"PORSANGER"
"530";2018;"september";"T5-2";1;881;1;1;0;25;1;2018-09-11;3;"0007DFAAEB";"PORSANGER"
"531";2018;"september";"T5-2";1;882;3;1;1;25;1;2018-09-11;3;"0007DF05B9";"PORSANGER"
"532";2018;"september";"T5-2";1;883;1;1;0;25;1;2018-09-11;3;"0007DFB59C";"PORSANGER"
"533";2018;"september";"T5-2";1;884;3;1;1;25;1;2018-09-11;3;"0007DFB476";"PORSANGER"
"534";2018;"september";"T5-2";1;885;3;1;1;25;1;2018-09-11;3;"0007DFB52A";"PORSANGER"
"535";2018;"september";"T5-2";1;935;2;0;1;25;1;2018-09-11;3;"0007DFAABB";"PORSANGER"
"536";2018;"september";"T5-2";1;936;2;0;1;25;1;2018-09-11;3;"0007DFB4D0";"PORSANGER"
"537";2018;"september";"T5-2";1;937;2;0;1;25;1;2018-09-11;3;"0007DFB57B";"PORSANGER"
"538";2018;"september";"T5-2";1;938;2;0;1;25;1;2018-09-11;3;"0007DFB7A2";"PORSANGER"
"539";2018;"september";"T5-2";1;939;2;0;1;25;1;2018-09-11;3;"0007DFFF23";"PORSANGER"
"540";2019;"juni";"G1";1;478;1;1;0;45;0,5;2019-06-17;4;"FB4AB";"MASOY"
"541";2019;"juni";"G1";1;479;1;1;0;45;0,5;2019-06-17;4;"FBBDE";"MASOY"
"542";2019;"juni";"G1";1;480;1;1;0;45;0,5;2019-06-17;4;"FB614";"MASOY"
"543";2019;"juni";"G1";1;481;1;1;0;45;0,5;2019-06-17;4;"FB566";"MASOY"
"544";2019;"juni";"G1";0;527;2;0;1;NA;0;2019-06-17;4;"UNMKA";"MASOY"
"545";2019;"juni";"G1";0;528;2;0;1;NA;0;2019-06-17;4;"UNMKB";"MASOY"
"546";2019;"juni";"G1";0;529;2;0;1;NA;0;2019-06-17;4;"UNMKC";"MASOY"
"547";2019;"juni";"G1";0;530;2;0;1;NA;0;2019-06-17;4;"UNMKD";"MASOY"
"548";2019;"juni";"G1";0;531;2;0;1;NA;0;2019-06-17;4;"UNMKE";"MASOY"
"549";2019;"juni";"G1";1;532;2;0;1;45;0,5;2019-06-17;4;"B4AB";"MASOY"
"550";2019;"juni";"G1";0;533;2;0;1;NA;0;2019-06-17;4;"UNML";"MASOY"
"551";2019;"juni";"G1";1;534;2;0;1;45;0,5;2019-06-17;4;"B614";"MASOY"
"552";2019;"juni";"G1";1;535;2;0;1;45;0,5;2019-06-17;4;"B566";"MASOY"
"553";2019;"juni";"G1";1;536;2;0;1;45;0,5;2019-06-17;4;"BACA";"MASOY"
"554";2019;"juni";"G1";1;642;1;1;0;45;0,5;2019-06-17;4;"B71F";"MASOY"
"555";2019;"juni";"G1";1;643;3;1;1;45;0,5;2019-06-17;4;"B597";"MASOY"
"556";2019;"juni";"G1";1;672;2;0;1;45;0,5;2019-06-17;4;"B48D";"MASOY"
"557";2019;"juni";"G1";1;673;2;0;1;45;0,5;2019-06-17;4;"B7BA";"MASOY"
"558";2019;"juni";"G1";1;674;2;0;1;45;0,5;2019-06-17;4;"BAA1";"MASOY"
"559";2019;"juni";"G11";1;517;2;0;1;NA;1;2019-06-17;4;"B532";"MASOY"
"560";2019;"juni";"G11";1;518;2;0;1;NA;1;2019-06-17;4;"B908";"MASOY"
"561";2019;"juni";"G11";1;519;2;0;1;NA;1;2019-06-17;4;"BA7E";"MASOY"
"562";2019;"juni";"G11";1;520;2;0;1;NA;1;2019-06-17;4;"BAC3";"MASOY"
"563";2019;"juni";"G11";1;648;1;1;0;NA;1;2019-06-17;4;"B77F";"MASOY"
"564";2019;"juni";"G11";1;649;3;1;1;NA;1;2019-06-17;4;"B62D";"MASOY"
"565";2019;"juni";"G11";1;650;1;1;0;NA;1;2019-06-17;4;"B5C7";"MASOY"
"566";2019;"juni";"G11";1;669;2;0;1;NA;1;2019-06-17;4;"B79D";"MASOY"
"567";2019;"juni";"G12";1;486;1;1;0;NA;0;2019-06-17;4;"FB532";"MASOY"
"568";2019;"juni";"G12";1;487;1;1;0;NA;0;2019-06-17;4;"FBB61";"MASOY"
"569";2019;"juni";"G12";1;488;1;1;0;NA;0;2019-06-17;4;"FB908";"MASOY"
"570";2019;"juni";"G12";1;489;1;1;0;NA;0;2019-06-17;4;"FBA7E";"MASOY"
"571";2019;"juni";"G15";1;490;3;1;1;NA;1;2019-06-17;4;"B7FD";"MASOY"
"572";2019;"juni";"G15";1;491;3;1;1;NA;1;2019-06-17;4;"B6AB";"MASOY"
"573";2019;"juni";"G15";1;492;1;1;0;NA;1;2019-06-17;4;"BB64";"MASOY"
"574";2019;"juni";"G15";1;493;3;1;1;NA;1;2019-06-17;4;"BAEB";"MASOY"
"575";2019;"juni";"G15";1;515;2;0;1;NA;1;2019-06-17;4;"B7FE";"MASOY"
"576";2019;"juni";"G15";1;516;2;0;1;NA;1;2019-06-17;4;"B4B8";"MASOY"
"577";2019;"juni";"G15";1;651;3;1;1;NA;1;2019-06-17;4;"B741";"MASOY"
"578";2019;"juni";"G15";1;652;3;1;1;NA;1;2019-06-17;4;"B742";"MASOY"
"579";2019;"juni";"G15";1;653;1;1;0;NA;1;2019-06-17;4;"B649";"MASOY"
"580";2019;"juni";"G15";1;666;2;0;1;NA;1;2019-06-17;4;"B58F";"MASOY"
"581";2019;"juni";"G15";1;667;2;0;1;NA;1;2019-06-17;4;"B7B2";"MASOY"
"582";2019;"juni";"G15";1;668;2;0;1;NA;1;2019-06-17;4;"BAD5";"MASOY"
"583";2019;"juni";"G16";1;494;1;1;0;NA;1;2019-06-17;4;"D60726";"MASOY"
"584";2019;"juni";"G16";1;495;1;1;0;NA;1;2019-06-17;4;"FB9DD";"MASOY"
"585";2019;"juni";"G16";1;496;1;1;0;NA;1;2019-06-17;4;"D60DE0";"MASOY"
"586";2019;"juni";"G16";1;497;1;1;0;NA;1;2019-06-17;4;"7DFB7A0";"MASOY"
"587";2019;"juni";"G16";0;508;2;0;1;NA;0;2019-06-17;4;"UNMA";"MASOY"
"588";2019;"juni";"G16";0;509;2;0;1;NA;0;2019-06-17;4;"UNMB";"MASOY"
"589";2019;"juni";"G16";0;510;2;0;1;NA;0;2019-06-17;4;"UNMC";"MASOY"
"590";2019;"juni";"G16";0;511;2;0;1;NA;0;2019-06-17;4;"UNMD";"MASOY"
"591";2019;"juni";"G16";1;512;2;0;1;NA;1;2019-06-17;4;"B9DD";"MASOY"
"592";2019;"juni";"G16";1;513;2;0;1;NA;1;2019-06-17;4;"BA8C";"MASOY"
"593";2019;"juni";"G16";1;514;2;0;1;NA;1;2019-06-17;4;"B952";"MASOY"
"594";2019;"juni";"G16";1;654;3;1;1;NA;1;2019-06-17;4;"DEA3";"MASOY"
"595";2019;"juni";"G16";1;655;3;1;1;NA;1;2019-06-17;4;"B448";"MASOY"
"596";2019;"juni";"G16";1;656;3;1;1;NA;1;2019-06-17;4;"B5C3";"MASOY"
"597";2019;"juni";"G16";1;657;1;1;0;NA;1;2019-06-17;4;"B388";"MASOY"
"598";2019;"juni";"G16";1;665;2;0;1;NA;1;2019-06-17;4;"B7A0";"MASOY"
"599";2019;"juni";"G19";1;498;1;1;0;NA;1;2019-06-17;4;"BA22";"MASOY"
"600";2019;"juni";"G19";1;506;2;0;1;NA;1;2019-06-17;4;"B758";"MASOY"
"601";2019;"juni";"G19";1;507;2;0;1;NA;1;2019-06-17;4;"B669";"MASOY"
"602";2019;"juni";"G19";1;658;1;1;0;NA;1;2019-06-17;4;"B5FE";"MASOY"
"603";2019;"juni";"G19";1;664;2;0;1;NA;1;2019-06-17;4;"B70A";"MASOY"
"604";2019;"juni";"G2";1;482;1;1;0;NA;0;2019-06-17;4;"FB8A0";"MASOY"
"605";2019;"juni";"G2";1;483;1;1;0;NA;0;2019-06-17;4;"FBB72";"MASOY"
"606";2019;"juni";"G2";1;484;1;1;0;NA;0;2019-06-17;4;"FB6FD";"MASOY"
"607";2019;"juni";"G2";1;525;2;0;1;NA;0;2019-06-17;4;"B83E";"MASOY"
"608";2019;"juni";"G2";1;526;2;0;1;NA;0;2019-06-17;4;"BB72";"MASOY"
"609";2019;"juni";"G2";1;644;3;1;1;NA;0;2019-06-17;4;"B5C9";"MASOY"
"610";2019;"juni";"G2";1;645;3;1;1;NA;0;2019-06-17;4;"B79E";"MASOY"
"611";2019;"juni";"G2";1;671;2;0;1;NA;0;2019-06-17;4;"B8A0";"MASOY"
"612";2019;"juni";"G20";1;499;1;1;0;NA;0;2019-06-17;4;"B434";"MASOY"
"613";2019;"juni";"G20";1;500;1;1;0;NA;0;2019-06-17;4;"B97A";"MASOY"
"614";2019;"juni";"G20";1;501;1;1;0;NA;0;2019-06-17;4;"B9D1";"MASOY"
"615";2019;"juni";"G20";1;502;1;1;0;NA;0;2019-06-17;4;"FB971";"MASOY"
"616";2019;"juni";"G20";1;503;2;0;1;NA;0;2019-06-17;4;"B8EA";"MASOY"
"617";2019;"juni";"G20";1;504;2;0;1;NA;0;2019-06-17;4;"BA20";"MASOY"
"618";2019;"juni";"G20";1;505;2;0;1;NA;0;2019-06-17;4;"B98C";"MASOY"
"619";2019;"juni";"G20";1;659;3;1;1;NA;0;2019-06-17;4;"B776";"MASOY"
"620";2019;"juni";"G20";0;660;1;1;0;NA;0,5;2019-06-17;4;"UNMSA";"MASOY"
"621";2019;"juni";"G20";0;661;1;1;0;NA;0,5;2019-06-17;4;"UNMSB";"MASOY"
"622";2019;"juni";"G20";1;662;2;0;1;NA;0;2019-06-17;4;"B68C";"MASOY"
"623";2019;"juni";"G20";1;663;2;0;1;NA;0;2019-06-17;4;"B6F0";"MASOY"
"624";2019;"juni";"G5";1;524;3;1;1;NA;1;2019-06-17;4;"B6F5";"MASOY"
"625";2019;"juni";"G6";1;646;1;1;0;NA;1;2019-06-17;4;"B825";"MASOY"
"626";2019;"juni";"G8";1;485;1;1;0;NA;0;2019-06-17;4;"FB879";"MASOY"
"627";2019;"juni";"G8";1;521;2;0;1;NA;0;2019-06-17;4;"B7C8";"MASOY"
"628";2019;"juni";"G8";1;522;3;1;1;NA;0;2019-06-17;4;"B8C8";"MASOY"
"629";2019;"juni";"G8";1;523;2;0;1;NA;0;2019-06-17;4;"BA6D";"MASOY"
"630";2019;"juni";"G8";1;647;3;1;1;NA;0;2019-06-17;4;"B486";"MASOY"
"631";2019;"juni";"G8";1;670;2;0;1;NA;0;2019-06-17;4;"B4B7";"MASOY"
"632";2019;"august";"G1";1;281;3;1;1;27,5;1;2019-08-03;5;"0007A67705";"MASOY"
"633";2019;"august";"G1";1;282;3;1;1;27,5;1;2019-08-03;5;"0007A6357E";"MASOY"
"634";2019;"august";"G1";1;283;1;1;0;27,5;1;2019-08-03;5;"0007A66E02";"MASOY"
"635";2019;"august";"G1";1;284;1;1;0;27,5;1;2019-08-03;5;"0007DFB7BA";"MASOY"
"636";2019;"august";"G1";1;401;3;1;1;27,5;1;2019-08-03;5;"0007A64C46";"MASOY"
"637";2019;"august";"G1";1;402;3;1;1;27,5;1;2019-08-03;5;"0007A62BCD";"MASOY"
"638";2019;"august";"G1";0;403;2;0;1;30;1;2019-08-03;5;"UNM010";"MASOY"
"639";2019;"august";"G1";1;404;2;0;1;27,5;1;2019-08-03;5;"0007DFAAEB";"MASOY"
"640";2019;"august";"G1";1;405;2;0;1;27,5;1;2019-08-03;5;"0007DFABA0";"MASOY"
"641";2019;"august";"G1";1;406;2;0;1;27,5;1;2019-08-03;5;"0007DFA93A";"MASOY"
"642";2019;"august";"G1";1;407;2;0;1;27,5;1;2019-08-03;5;"0007DFA87D";"MASOY"
"643";2019;"august";"G1";1;408;1;1;0;27,5;1;2019-08-03;5;"0007A65C8D";"MASOY"
"644";2019;"august";"G1";1;475;2;0;1;27,5;1;2019-08-03;5;"0007DFBBDE";"MASOY"
"645";2019;"august";"G1";1;476;2;0;1;27,5;1;2019-08-03;5;"0007DFAAC0";"MASOY"
"646";2019;"august";"G1";1;477;2;0;1;27,5;1;2019-08-03;5;"0007DFAB33";"MASOY"
"647";2019;"august";"G11";1;298;3;1;1;24;1;2019-08-03;5;"0007A5FCF4";"MASOY"
"648";2019;"august";"G11";1;299;3;1;1;24;1;2019-08-03;5;"0007A5EA70";"MASOY"
"649";2019;"august";"G11";1;300;3;1;1;24;1;2019-08-03;5;"0007A64486";"MASOY"
"650";2019;"august";"G11";1;301;1;1;0;24;1;2019-08-03;5;"0007DFB79D";"MASOY"
"651";2019;"august";"G11";1;302;3;1;1;24;1;2019-08-03;5;"0007A5EABD";"MASOY"
"652";2019;"august";"G11";1;303;1;1;0;24;1;2019-08-03;5;"0007A641B9";"MASOY"
"653";2019;"august";"G11";1;304;1;1;0;24;1;2019-08-03;5;"0007A5F584";"MASOY"
"654";2019;"august";"G11";0;377;2;0;1;11;1;2019-08-03;5;"UNMNA6";"MASOY"
"655";2019;"august";"G11";1;378;2;0;1;24;1;2019-08-03;5;"0007DFA971";"MASOY"
"656";2019;"august";"G11";1;379;2;0;1;24;1;2019-08-03;5;"0007DFAAB1";"MASOY"
"657";2019;"august";"G11";1;380;2;0;1;24;1;2019-08-03;5;"0007DFABDD";"MASOY"
"658";2019;"august";"G11";1;381;2;0;1;24;1;2019-08-03;5;"0007DFAA4B";"MASOY"
"659";2019;"august";"G11";1;382;2;0;1;24;1;2019-08-03;5;"0007DFABF7";"MASOY"
"660";2019;"august";"G11";1;383;2;0;1;24;1;2019-08-03;5;"0007DFAB67";"MASOY"
"661";2019;"august";"G11";1;384;3;1;1;24;1;2019-08-03;5;"0007DFB5C7";"MASOY"
"662";2019;"august";"G11";1;418;3;1;1;24;1;2019-08-03;5;"0007A63613";"MASOY"
"663";2019;"august";"G11";0;419;1;1;0;11;1;2019-08-03;5;"UNM013";"MASOY"
"664";2019;"august";"G11";0;420;1;1;0;11;1;2019-08-03;5;"UNM014";"MASOY"
"665";2019;"august";"G11";1;421;1;1;0;24;1;2019-08-03;5;"0007A638A8";"MASOY"
"666";2019;"august";"G11";1;422;1;1;0;24;1;2019-08-03;5;"0007A677BF";"MASOY"
"667";2019;"august";"G11";1;462;2;0;1;24;1;2019-08-03;5;"0007DFA991";"MASOY"
"668";2019;"august";"G11";0;463;2;0;1;11;1;2019-08-03;5;"UNM025";"MASOY"
"669";2019;"august";"G11";0;464;2;0;1;11;1;2019-08-03;5;"UNM026";"MASOY"
"670";2019;"august";"G15";1;305;1;1;0;24,5;1;2019-08-03;5;"0007DFB7FD";"MASOY"
"671";2019;"august";"G15";1;306;1;1;0;24,5;1;2019-08-03;5;"0007A6094C";"MASOY"
"672";2019;"august";"G15";1;307;1;1;0;24,5;1;2019-08-03;5;"0007A5E62D";"MASOY"
"673";2019;"august";"G15";1;308;1;1;0;24,5;1;2019-08-03;5;"0007A61DB3";"MASOY"
"674";2019;"august";"G15";1;309;1;1;0;24,5;1;2019-08-03;5;"0007A63959";"MASOY"
"675";2019;"august";"G15";1;310;1;1;0;24,5;1;2019-08-03;5;"0007A5EFA3";"MASOY"
"676";2019;"august";"G15";1;311;1;1;0;24,5;1;2019-08-03;5;"0007A6370C";"MASOY"
"677";2019;"august";"G15";1;312;3;1;1;24,5;1;2019-08-03;5;"0007DFB742";"MASOY"
"678";2019;"august";"G15";1;313;1;1;0;24,5;1;2019-08-03;5;"0007A640FB";"MASOY"
"679";2019;"august";"G15";1;314;1;1;0;24,5;1;2019-08-03;5;"0007D479FA";"MASOY"
"680";2019;"august";"G15";1;315;1;1;0;24,5;1;2019-08-03;5;"0007A5EF47";"MASOY"
"681";2019;"august";"G15";1;316;1;1;0;24,5;1;2019-08-03;5;"0007A64595";"MASOY"
"682";2019;"august";"G15";0;365;2;0;1;11;NA;2019-08-03;5;"UNM007";"MASOY"
"683";2019;"august";"G15";1;366;2;0;1;24,5;1;2019-08-03;5;"0007DFAA1B";"MASOY"
"684";2019;"august";"G15";1;367;2;0;1;24,5;1;2019-08-03;5;"0007DFAB46";"MASOY"
"685";2019;"august";"G15";1;368;2;0;1;24,5;1;2019-08-03;5;"0007DFB7B2";"MASOY"
"686";2019;"august";"G15";1;369;2;0;1;24,5;1;2019-08-03;5;"0007DFA97D";"MASOY"
"687";2019;"august";"G15";1;370;3;1;1;24,5;1;2019-08-03;5;"0007A64E1A";"MASOY"
"688";2019;"august";"G15";1;371;2;0;1;24,5;1;2019-08-03;5;"0007DFABF1";"MASOY"
"689";2019;"august";"G15";1;372;2;0;1;24,5;1;2019-08-03;5;"0007DFAC49";"MASOY"
"690";2019;"august";"G15";1;373;2;0;1;24,5;1;2019-08-03;5;"0007DFAA8C";"MASOY"
"691";2019;"august";"G15";1;374;2;0;1;24,5;1;2019-08-03;5;"0007DFAA1C";"MASOY"
"692";2019;"august";"G15";1;375;2;0;1;24,5;1;2019-08-03;5;"0007DFAA56";"MASOY"
"693";2019;"august";"G15";1;376;2;0;1;24,5;1;2019-08-03;5;"0007DFAA2A";"MASOY"
"694";2019;"august";"G15";1;423;1;1;0;24,5;1;2019-08-03;5;"0007A5F9DF";"MASOY"
"695";2019;"august";"G15";1;424;3;1;1;24,5;1;2019-08-03;5;"0007A6492B";"MASOY"
"696";2019;"august";"G15";1;425;3;1;1;24,5;1;2019-08-03;5;"0007A64F4E";"MASOY"
"697";2019;"august";"G15";1;426;1;1;0;24,5;1;2019-08-03;5;"0007A5FB3E";"MASOY"
"698";2019;"august";"G15";1;427;1;1;0;24,5;1;2019-08-03;5;"0007A631E3";"MASOY"
"699";2019;"august";"G15";0;428;1;1;0;11;NA;2019-08-03;5;"UNM015";"MASOY"
"700";2019;"august";"G15";1;429;1;1;0;24,5;1;2019-08-03;5;"0007A5FEA2";"MASOY"
"701";2019;"august";"G15";1;430;1;1;0;24,5;1;2019-08-03;5;"0007A6436B";"MASOY"
"702";2019;"august";"G15";1;431;1;1;0;24,5;1;2019-08-03;5;"0007A5FA12";"MASOY"
"703";2019;"august";"G15";1;456;2;0;1;24,5;1;2019-08-03;5;"0007A64737";"MASOY"
"704";2019;"august";"G15";1;457;2;0;1;24,5;1;2019-08-03;5;"0007A63DE7";"MASOY"
"705";2019;"august";"G15";1;458;2;0;1;24,5;1;2019-08-03;5;"0007A602EE";"MASOY"
"706";2019;"august";"G15";1;459;2;0;1;24,5;1;2019-08-03;5;"0007A64A94";"MASOY"
"707";2019;"august";"G15";1;460;2;0;1;24,5;1;2019-08-03;5;"0007A600B9";"MASOY"
"708";2019;"august";"G15";1;461;2;0;1;24,5;1;2019-08-03;5;"0007DFA9F7";"MASOY"
"709";2019;"august";"G16";1;317;3;1;1;24,5;1;2019-08-03;5;"0007A5FD18";"MASOY"
"710";2019;"august";"G16";1;318;3;1;1;24,5;1;2019-08-03;5;"0007A64B97";"MASOY"
"711";2019;"august";"G16";1;319;3;1;1;24,5;1;2019-08-03;5;"0007A63940";"MASOY"
"712";2019;"august";"G16";1;320;3;1;1;24,5;1;2019-08-03;5;"0007A5FF2F";"MASOY"
"713";2019;"august";"G16";1;321;1;1;0;24,5;1;2019-08-03;5;"0007A5EE65";"MASOY"
"714";2019;"august";"G16";1;322;3;1;1;24,5;1;2019-08-03;5;"0007A5FA7E";"MASOY"
"715";2019;"august";"G16";1;323;3;1;1;24,5;1;2019-08-03;5;"0007A5F047";"MASOY"
"716";2019;"august";"G16";0;324;1;1;0;46;0;2019-08-03;5;"UNMNA5";"MASOY"
"717";2019;"august";"G16";1;325;3;1;1;24,5;1;2019-08-03;5;"0007A5F813";"MASOY"
"718";2019;"august";"G16";1;326;3;1;1;24,5;1;2019-08-03;5;"0007A5F9C3";"MASOY"
"719";2019;"august";"G16";1;327;3;1;1;24,5;1;2019-08-03;5;"0007A63640";"MASOY"
"720";2019;"august";"G16";1;328;1;1;0;24,5;1;2019-08-03;5;"0007A654DD";"MASOY"
"721";2019;"august";"G16";1;329;3;1;1;24,5;1;2019-08-03;5;"0007A639D8";"MASOY"
"722";2019;"august";"G16";1;330;3;1;1;24,5;1;2019-08-03;5;"0007A640D4";"MASOY"
"723";2019;"august";"G16";1;357;2;0;1;24,5;1;2019-08-03;5;"0007A63032";"MASOY"
"724";2019;"august";"G16";1;358;3;1;1;24,5;1;2019-08-03;5;"0007A5FF84";"MASOY"
"725";2019;"august";"G16";1;359;2;0;1;24,5;1;2019-08-03;5;"0007A5EA15";"MASOY"
"726";2019;"august";"G16";1;360;2;0;1;24,5;1;2019-08-03;5;"0007A5EA2C";"MASOY"
"727";2019;"august";"G16";1;361;2;0;1;24,5;1;2019-08-03;5;"0007A5F673";"MASOY"
"728";2019;"august";"G16";1;362;3;1;1;24,5;1;2019-08-03;5;"0007A5FD77";"MASOY"
"729";2019;"august";"G16";1;363;2;0;1;24,5;1;2019-08-03;5;"0007D60DE0";"MASOY"
"730";2019;"august";"G16";1;364;3;1;1;24,5;1;2019-08-03;5;"0007A60061";"MASOY"
"731";2019;"august";"G16";1;432;1;1;0;24,5;1;2019-08-03;5;"0007A5EAA8";"MASOY"
"732";2019;"august";"G16";1;433;1;1;0;24,5;1;2019-08-03;5;"0007DFBB88";"MASOY"
"733";2019;"august";"G16";1;434;3;1;1;24,5;1;2019-08-03;5;"0007A5FDB2";"MASOY"
"734";2019;"august";"G16";0;435;1;1;0;46;0;2019-08-03;5;"UNM016";"MASOY"
"735";2019;"august";"G16";0;436;1;1;0;46;0;2019-08-03;5;"UNM017";"MASOY"
"736";2019;"august";"G16";0;437;1;1;0;46;0;2019-08-03;5;"UNM018";"MASOY"
"737";2019;"august";"G16";0;438;1;1;0;46;0;2019-08-03;5;"UNM019";"MASOY"
"738";2019;"august";"G16";0;439;1;1;0;46;0;2019-08-03;5;"UNM020";"MASOY"
"739";2019;"august";"G16";1;440;1;1;0;24,5;1;2019-08-03;5;"0007A5EF8E";"MASOY"
"740";2019;"august";"G16";1;441;1;1;0;24,5;1;2019-08-03;5;"0007A5EE40";"MASOY"
"741";2019;"august";"G16";1;454;2;0;1;24,5;1;2019-08-03;5;"0007A640CA";"MASOY"
"742";2019;"august";"G16";1;455;2;0;1;24,5;1;2019-08-03;5;"0007A5E8CF";"MASOY"
"743";2019;"august";"G19";1;331;3;1;1;25,5;1;2019-08-03;5;"0007A5E491";"MASOY"
"744";2019;"august";"G19";1;332;3;1;1;25,5;1;2019-08-03;5;"0007A5F46D";"MASOY"
"745";2019;"august";"G19";1;333;1;1;0;25,5;1;2019-08-03;5;"0007A5FBC7";"MASOY"
"746";2019;"august";"G19";1;334;1;1;0;25,5;1;2019-08-03;5;"0007A5F853";"MASOY"
"747";2019;"august";"G19";1;335;1;1;0;25,5;1;2019-08-03;5;"0007DFB669";"MASOY"
"748";2019;"august";"G19";1;336;3;1;1;25,5;1;2019-08-03;5;"0007A5F609";"MASOY"
"749";2019;"august";"G19";1;337;1;1;0;25,5;1;2019-08-03;5;"0007A5ED94";"MASOY"
"750";2019;"august";"G19";1;338;1;1;0;25,5;1;2019-08-03;5;"0007A5EB9F";"MASOY"
"751";2019;"august";"G19";1;355;2;0;1;25,5;1;2019-08-03;5;"0007A5F9E2";"MASOY"
"752";2019;"august";"G19";1;356;2;0;1;25,5;1;2019-08-03;5;"0007DFB5FE";"MASOY"
"753";2019;"august";"G19";1;442;3;1;1;25,5;1;2019-08-03;5;"0007A5EA21";"MASOY"
"754";2019;"august";"G19";0;443;1;1;0;30;NA;2019-08-03;5;"UNM021";"MASOY"
"755";2019;"august";"G19";1;444;1;1;0;25,5;1;2019-08-03;5;"0007A5ED1C";"MASOY"
"756";2019;"august";"G19";1;445;1;1;0;25,5;1;2019-08-03;5;"0007A5F6BA";"MASOY"
"757";2019;"august";"G19";1;452;2;0;1;25,5;1;2019-08-03;5;"0007A5E968";"MASOY"
"758";2019;"august";"G19";1;453;2;0;1;25,5;1;2019-08-03;5;"0007A5FDE4";"MASOY"
"759";2019;"august";"G2";1;285;1;1;0;31;1;2019-08-03;5;"0007A63DF1";"MASOY"
"760";2019;"august";"G2";1;286;1;1;0;31;1;2019-08-03;5;"0007A63A42";"MASOY"
"761";2019;"august";"G2";1;287;1;1;0;31;1;2019-08-03;5;"0007A63751";"MASOY"
"762";2019;"august";"G2";1;288;3;1;1;31;1;2019-08-03;5;"0007A63BE4";"MASOY"
"763";2019;"august";"G2";1;289;3;1;1;31;1;2019-08-03;5;"0007A5F533";"MASOY"
"764";2019;"august";"G2";1;290;1;1;0;31;1;2019-08-03;5;"0007A62BB5";"MASOY"
"765";2019;"august";"G2";1;392;2;0;1;31;1;2019-08-03;5;"0007AG2BB5";"MASOY"
"766";2019;"august";"G2";1;393;2;0;1;31;1;2019-08-03;5;"0007DFA9A9";"MASOY"
"767";2019;"august";"G2";1;394;2;0;1;31;1;2019-08-03;5;"0007DFA9A0";"MASOY"
"768";2019;"august";"G2";1;395;2;0;1;31;1;2019-08-03;5;"0007DFAC3D";"MASOY"
"769";2019;"august";"G2";1;396;2;0;1;31;1;2019-08-03;5;"0007DFA98F";"MASOY"
"770";2019;"august";"G2";0;397;2;0;1;21;1;2019-08-03;5;"UNM008";"MASOY"
"771";2019;"august";"G2";0;398;2;0;1;21;1;2019-08-03;5;"UNM009";"MASOY"
"772";2019;"august";"G2";1;399;2;0;1;31;1;2019-08-03;5;"0007DFAA1A";"MASOY"
"773";2019;"august";"G2";1;400;3;1;1;31;1;2019-08-03;5;"0007A62EDF";"MASOY"
"774";2019;"august";"G2";1;409;3;1;1;31;1;2019-08-03;5;"0007A641E5";"MASOY"
"775";2019;"august";"G2";1;410;3;1;1;31;1;2019-08-03;5;"0007DFB79E";"MASOY"
"776";2019;"august";"G2";1;473;2;0;1;31;1;2019-08-03;5;"0007DFB5C9";"MASOY"
"777";2019;"august";"G2";1;474;2;0;1;31;1;2019-08-03;5;"0007DFAB26";"MASOY"
"778";2019;"august";"G20";1;339;3;1;1;28;0,5;2019-08-03;5;"0007A5E6DB";"MASOY"
"779";2019;"august";"G20";0;340;1;1;0;11;1;2019-08-03;5;"UNM001";"MASOY"
"780";2019;"august";"G20";0;341;1;1;0;11;1;2019-08-03;5;"UNM002";"MASOY"
"781";2019;"august";"G20";0;342;1;1;0;11;1;2019-08-03;5;"UNM003";"MASOY"
"782";2019;"august";"G20";0;343;1;1;0;11;1;2019-08-03;5;"UNM004";"MASOY"
"783";2019;"august";"G20";1;344;1;1;0;28;0,5;2019-08-03;5;"0007DFB8EA";"MASOY"
"784";2019;"august";"G20";1;345;1;1;0;28;0,5;2019-08-03;5;"0007DFBA20";"MASOY"
"785";2019;"august";"G20";1;346;1;1;0;28;0,5;2019-08-03;5;"0007A5F5CC";"MASOY"
"786";2019;"august";"G20";1;347;1;1;0;28;0,5;2019-08-03;5;"0007A5FD5F";"MASOY"
"787";2019;"august";"G20";1;348;1;1;0;28;0,5;2019-08-03;5;"0007A5E430";"MASOY"
"788";2019;"august";"G20";0;349;2;0;1;11;1;2019-08-03;5;"UNM005";"MASOY"
"789";2019;"august";"G20";0;350;2;0;1;11;1;2019-08-03;5;"UNM006";"MASOY"
"790";2019;"august";"G20";1;351;3;1;1;28;0,5;2019-08-03;5;"0007A64B91";"MASOY"
"791";2019;"august";"G20";1;352;2;0;1;28;0,5;2019-08-03;5;"0007A5F985";"MASOY"
"792";2019;"august";"G20";1;353;2;0;1;28;0,5;2019-08-03;5;"0007A5EBE1";"MASOY"
"793";2019;"august";"G20";1;354;2;0;1;28;0,5;2019-08-03;5;"0007A5EE0F";"MASOY"
"794";2019;"august";"G20";0;446;1;1;0;11;1;2019-08-03;5;"UNM022";"MASOY"
"795";2019;"august";"G20";1;447;3;1;1;28;0,5;2019-08-03;5;"0007A5E8B2";"MASOY"
"796";2019;"august";"G20";0;448;1;1;0;11;1;2019-08-03;5;"UNM023";"MASOY"
"797";2019;"august";"G20";1;449;1;1;0;28;0,5;2019-08-03;5;"0007A5FFFB";"MASOY"
"798";2019;"august";"G20";1;450;2;0;1;28;0,5;2019-08-03;5;"0007A63F1D";"MASOY"
"799";2019;"august";"G20";0;451;2;0;1;11;1;2019-08-03;5;"UNM024";"MASOY"
"800";2019;"august";"G4";1;391;2;0;1;31;1;2019-08-03;5;"0007DFABD7";"MASOY"
"801";2019;"august";"G4";1;411;3;1;1;31;1;2019-08-03;5;"0007A6410A";"MASOY"
"802";2019;"august";"G4";1;412;1;1;0;31;1;2019-08-03;5;"0007A644DD";"MASOY"
"803";2019;"august";"G4";1;472;2;0;1;31;1;2019-08-03;5;"0007DFABCF";"MASOY"
"804";2019;"august";"G6";1;291;3;1;1;41,5;1;2019-08-03;5;"0007D4456F";"MASOY"
"805";2019;"august";"G6";1;292;3;1;1;41,5;1;2019-08-03;5;"0007A60E52";"MASOY"
"806";2019;"august";"G8";1;293;3;1;1;25,5;1;2019-08-03;5;"0007A62B34";"MASOY"
"807";2019;"august";"G8";1;294;3;1;1;25,5;1;2019-08-03;5;"0007DFB486";"MASOY"
"808";2019;"august";"G8";1;295;3;1;1;25,5;1;2019-08-03;5;"0007A64B93";"MASOY"
"809";2019;"august";"G8";1;296;3;1;1;25,5;1;2019-08-03;5;"0007A66EF1";"MASOY"
"810";2019;"august";"G8";1;297;3;1;1;25,5;1;2019-08-03;5;"0007A640B3";"MASOY"
"811";2019;"august";"G8";1;385;2;0;1;25,5;1;2019-08-03;5;"0007DFA9D2";"MASOY"
"812";2019;"august";"G8";1;386;2;0;1;25,5;1;2019-08-03;5;"0007DFAB24";"MASOY"
"813";2019;"august";"G8";1;387;2;0;1;25,5;1;2019-08-03;5;"0007DFA8C8";"MASOY"
"814";2019;"august";"G8";1;388;2;0;1;25,5;1;2019-08-03;5;"0007DFAAFA";"MASOY"
"815";2019;"august";"G8";1;389;3;1;1;25,5;1;2019-08-03;5;"0007A5EB51";"MASOY"
"816";2019;"august";"G8";1;390;2;0;1;25,5;1;2019-08-03;5;"0007A60200";"MASOY"
"817";2019;"august";"G8";1;413;1;1;0;25,5;1;2019-08-03;5;"0007A62763";"MASOY"
"818";2019;"august";"G8";1;414;1;1;0;25,5;1;2019-08-03;5;"0007A64BCA";"MASOY"
"819";2019;"august";"G8";1;415;1;1;0;25,5;1;2019-08-03;5;"0007A602D0";"MASOY"
"820";2019;"august";"G8";0;416;1;1;0;25;1;2019-08-03;5;"UNM011";"MASOY"
"821";2019;"august";"G8";0;417;1;1;0;25;1;2019-08-03;5;"UNM012";"MASOY"
"822";2019;"august";"G8";0;465;2;0;1;25;1;2019-08-03;5;"UNM027";"MASOY"
"823";2019;"august";"G8";0;466;2;0;1;25;1;2019-08-03;5;"UNM028";"MASOY"
"824";2019;"august";"G8";0;467;2;0;1;25;1;2019-08-03;5;"UNM029";"MASOY"
"825";2019;"august";"G8";0;468;2;0;1;25;1;2019-08-03;5;"UNM030";"MASOY"
"826";2019;"august";"G8";1;469;2;0;1;25,5;1;2019-08-03;5;"0007DFA9D3";"MASOY"
"827";2019;"august";"G8";0;470;2;0;1;25;1;2019-08-03;5;"UNMNA7";"MASOY"
"828";2019;"august";"G8";1;471;2;0;1;25,5;1;2019-08-03;5;"0007DFA95A";"MASOY"
"829";2019;"august";"T1-2";1;1076;1;1;0;27;0,5;2019-08-03;5;"0007A5F69C";"PORSANGER"
"830";2019;"august";"T1-2";1;1077;1;1;0;27;0,5;2019-08-03;5;"0007A5E6E8";"PORSANGER"
"831";2019;"august";"T1-2";1;1078;1;1;0;27;0,5;2019-08-03;5;"0007A63810";"PORSANGER"
"832";2019;"august";"T1-2";1;1079;3;1;1;27;0,5;2019-08-03;5;"0007A6446F";"PORSANGER"
"833";2019;"august";"T1-2";0;1080;2;0;1;12,5;1;2019-08-03;5;"UNM012";"PORSANGER"
"834";2019;"august";"T1-2";0;1081;2;0;1;12,5;1;2019-08-03;5;"UNM013";"PORSANGER"
"835";2019;"august";"T1-2";0;1082;2;0;1;12,5;1;2019-08-03;5;"UNM014";"PORSANGER"
"836";2019;"august";"T1-2";1;1083;2;0;1;27;0,5;2019-08-03;5;"0007DFAA53";"PORSANGER"
"837";2019;"august";"T1-2";1;1084;2;0;1;27;0,5;2019-08-03;5;"0007DFA8CB";"PORSANGER"
"838";2019;"august";"T1-2";1;1085;2;0;1;27;0,5;2019-08-03;5;"0007DFA8B9";"PORSANGER"
"839";2019;"august";"T1-2";1;1086;2;0;1;27;0,5;2019-08-03;5;"0007DFAC03";"PORSANGER"
"840";2019;"august";"T1-2";1;1087;2;0;1;27;0,5;2019-08-03;5;"0007DFB8B7";"PORSANGER"
"841";2019;"august";"T1-2";1;1088;2;0;1;27;0,5;2019-08-03;5;"0007A5E519";"PORSANGER"
"842";2019;"august";"T1-2";1;1112;2;0;1;27;0,5;2019-08-03;5;"0007A642AF";"PORSANGER"
"843";2019;"august";"T1-2";1;1113;2;0;1;27;0,5;2019-08-03;5;"0007DFAA08";"PORSANGER"
"844";2019;"august";"T1-2";0;1114;2;0;1;12,5;1;2019-08-03;5;"UNM016";"PORSANGER"
"845";2019;"august";"T1-2";1;1115;2;0;1;27;0,5;2019-08-03;5;"0007DFAA41";"PORSANGER"
"846";2019;"august";"T1-3";0;1049;1;1;0;10;NA;2019-08-03;5;"UNM003";"PORSANGER"
"847";2019;"august";"T1-3";0;1050;1;1;0;10;NA;2019-08-03;5;"UNM004";"PORSANGER"
"848";2019;"august";"T1-3";0;1051;1;1;0;10;NA;2019-08-03;5;"UNM005";"PORSANGER"
"849";2019;"august";"T1-3";0;1052;1;1;0;10;NA;2019-08-03;5;"UNM006";"PORSANGER"
"850";2019;"august";"T1-3";1;1053;1;1;0;31,5;1;2019-08-03;5;"0007DFB482";"PORSANGER"
"851";2019;"august";"T1-3";1;1054;1;1;0;31,5;1;2019-08-03;5;"0007A642AF";"PORSANGER"
"852";2019;"august";"T1-3";1;1055;1;1;0;31,5;1;2019-08-03;5;"0007A5F924";"PORSANGER"
"853";2019;"august";"T1-3";1;1056;1;1;0;31,5;1;2019-08-03;5;"0007A5E519";"PORSANGER"
"854";2019;"august";"T2-1";1;1026;1;1;0;37;1;2019-08-03;5;"0007DFB895";"PORSANGER"
"855";2019;"august";"T2-1";1;1027;1;1;0;37;1;2019-08-03;5;"0007A5EE86";"PORSANGER"
"856";2019;"august";"T2-1";1;1028;3;1;1;37;1;2019-08-03;5;"0007DFB7CB";"PORSANGER"
"857";2019;"august";"T2-1";1;1029;1;1;0;37;1;2019-08-03;5;"0007A5F944";"PORSANGER"
"858";2019;"august";"T2-1";1;1030;3;1;1;37;1;2019-08-03;5;"0007DFB9E5";"PORSANGER"
"859";2019;"august";"T2-1";0;1031;1;1;0;11;0;2019-08-03;5;"UNM001";"PORSANGER"
"860";2019;"august";"T2-1";1;1032;1;1;0;37;1;2019-08-03;5;"0007A5E409";"PORSANGER"
"861";2019;"august";"T2-1";1;1033;1;1;0;37;1;2019-08-03;5;"0007A5FD75";"PORSANGER"
"862";2019;"august";"T2-1";1;1034;1;1;0;37;1;2019-08-03;5;"0007A5F4FD";"PORSANGER"
"863";2019;"august";"T2-1";1;1035;3;1;1;37;1;2019-08-03;5;"0007DFB641";"PORSANGER"
"864";2019;"august";"T2-1";1;1059;3;1;1;37;1;2019-08-03;5;"0007D47A47";"PORSANGER"
"865";2019;"august";"T2-1";1;1060;1;1;0;37;1;2019-08-03;5;"0007DFB44D";"PORSANGER"
"866";2019;"august";"T2-1";1;1061;3;1;1;37;1;2019-08-03;5;"0007DFB619";"PORSANGER"
"867";2019;"august";"T2-1";1;1062;1;1;0;37;1;2019-08-03;5;"0007A5F689";"PORSANGER"
"868";2019;"august";"T2-1";1;1063;3;1;1;37;1;2019-08-03;5;"0007DFB6B6";"PORSANGER"
"869";2019;"august";"T2-1";0;1064;1;1;0;11;0;2019-08-03;5;"UNM007";"PORSANGER"
"870";2019;"august";"T2-1";0;1065;1;1;0;11;0;2019-08-03;5;"UNM008";"PORSANGER"
"871";2019;"august";"T2-1";0;1066;1;1;0;11;0;2019-08-03;5;"UNM009";"PORSANGER"
"872";2019;"august";"T2-1";0;1067;1;1;0;11;0;2019-08-03;5;"UNM010";"PORSANGER"
"873";2019;"august";"T2-1";1;1068;1;1;0;37;1;2019-08-03;5;"0007DFB63F";"PORSANGER"
"874";2019;"august";"T2-1";1;1089;2;0;1;37;1;2019-08-03;5;"0007DFA8CC";"PORSANGER"
"875";2019;"august";"T2-1";1;1090;2;0;1;37;1;2019-08-03;5;"0007DFA8F6";"PORSANGER"
"876";2019;"august";"T2-1";1;1091;2;0;1;37;1;2019-08-03;5;"0007DFA8DC";"PORSANGER"
"877";2019;"august";"T2-1";1;1092;2;0;1;37;1;2019-08-03;5;"0007DFB8A7";"PORSANGER"
"878";2019;"august";"T2-1";1;1093;2;0;1;37;1;2019-08-03;5;"0007DFA995";"PORSANGER"
"879";2019;"august";"T2-1";1;1094;2;0;1;37;1;2019-08-03;5;"0007DFAC1C";"PORSANGER"
"880";2019;"august";"T2-1";1;1095;2;0;1;37;1;2019-08-03;5;"9997DFA99E";"PORSANGER"
"881";2019;"august";"T2-1";1;1096;2;0;1;37;1;2019-08-03;5;"0007DFAB14";"PORSANGER"
"882";2019;"august";"T2-1";1;1097;2;0;1;37;1;2019-08-03;5;"0007DFAAC5";"PORSANGER"
"883";2019;"august";"T2-1";1;1116;2;0;1;37;1;2019-08-03;5;"0007DFB907";"PORSANGER"
"884";2019;"august";"T2-1";0;1117;2;0;1;11;0;2019-08-03;5;"UNM017";"PORSANGER"
"885";2019;"august";"T2-1";0;1118;2;0;1;11;0;2019-08-03;5;"UNM018";"PORSANGER"
"886";2019;"august";"T2-1";0;1119;2;0;1;11;0;2019-08-03;5;"UNM019";"PORSANGER"
"887";2019;"august";"T2-1";0;1120;2;0;1;11;0;2019-08-03;5;"UNM020";"PORSANGER"
"888";2019;"august";"T2-1";0;1121;2;0;1;11;0;2019-08-03;5;"UNM021";"PORSANGER"
"889";2019;"august";"T2-1";1;1122;2;0;1;37;1;2019-08-03;5;"0007DFABAD";"PORSANGER"
"890";2019;"august";"T2-1";1;1123;2;0;1;37;1;2019-08-03;5;"0007A5F5CA";"PORSANGER"
"891";2019;"august";"T2-1";1;1124;2;0;1;37;1;2019-08-03;5;"0007DFAA81";"PORSANGER"
"892";2019;"august";"T2-1";1;1125;2;0;1;37;1;2019-08-03;5;"0007DFA9C3";"PORSANGER"
"893";2019;"august";"T2-1";1;1126;2;0;1;37;1;2019-08-03;5;"0007A6383B";"PORSANGER"
"894";2019;"august";"T2-1";1;1127;2;0;1;37;1;2019-08-03;5;"0007D4984F";"PORSANGER"
"895";2019;"august";"T2-2";1;1036;3;1;1;36;1;2019-08-03;5;"0007DFB637";"PORSANGER"
"896";2019;"august";"T2-2";1;1037;1;1;0;36;1;2019-08-03;5;"0007A5F5CA";"PORSANGER"
"897";2019;"august";"T2-2";1;1038;1;1;0;36;1;2019-08-03;5;"0007A64C2A";"PORSANGER"
"898";2019;"august";"T2-2";1;1039;1;1;0;36;1;2019-08-03;5;"0007A5F649";"PORSANGER"
"899";2019;"august";"T2-2";1;1040;1;1;0;36;1;2019-08-03;5;"0007DFB4C4";"PORSANGER"
"900";2019;"august";"T2-2";1;1041;1;1;0;36;1;2019-08-03;5;"0007DFB4EC";"PORSANGER"
"901";2019;"august";"T2-2";0;1042;1;1;0;18;1;2019-08-03;5;"UNM002";"PORSANGER"
"902";2019;"august";"T2-2";1;1043;1;1;0;36;1;2019-08-03;5;"0007D3D7C6";"PORSANGER"
"903";2019;"august";"T2-2";1;1044;3;1;1;36;1;2019-08-03;5;"0007A5F75E";"PORSANGER"
"904";2019;"august";"T2-2";1;1045;1;1;0;36;1;2019-08-03;5;"0007A5F95C";"PORSANGER"
"905";2019;"august";"T2-2";1;1046;1;1;0;36;1;2019-08-03;5;"0007DFB609";"PORSANGER"
"906";2019;"august";"T2-2";1;1047;1;1;0;36;1;2019-08-03;5;"0007A5E861";"PORSANGER"
"907";2019;"august";"T2-2";1;1048;3;1;1;36;1;2019-08-03;5;"0007DFBB95";"PORSANGER"
"908";2019;"august";"T2-2";1;1069;1;1;0;36;1;2019-08-03;5;"0007DFBA32";"PORSANGER"
"909";2019;"august";"T2-2";1;1070;3;1;1;36;1;2019-08-03;5;"0007DFB567";"PORSANGER"
"910";2019;"august";"T2-2";0;1071;1;1;0;18;1;2019-08-03;5;"UNM011";"PORSANGER"
"911";2019;"august";"T2-2";1;1072;1;1;0;36;1;2019-08-03;5;"0007A5FD0";"PORSANGER"
"912";2019;"august";"T2-2";1;1073;1;1;0;36;1;2019-08-03;5;"0007A6383B";"PORSANGER"
"913";2019;"august";"T2-2";1;1074;1;1;0;36;1;2019-08-03;5;"0007D4984F";"PORSANGER"
"914";2019;"august";"T2-2";1;1075;1;1;0;36;1;2019-08-03;5;"0007A5FBBF";"PORSANGER"
"915";2019;"august";"T2-2";1;1098;2;0;1;36;1;2019-08-03;5;"0007DFA944";"PORSANGER"
"916";2019;"august";"T2-2";0;1099;2;0;1;18;1;2019-08-03;5;"UNMNA15";"PORSANGER"
"917";2019;"august";"T2-2";1;1100;2;0;1;36;1;2019-08-03;5;"0007DFB704";"PORSANGER"
"918";2019;"august";"T2-2";1;1101;2;0;1;36;1;2019-08-03;5;"0007DFAB94";"PORSANGER"
"919";2019;"august";"T2-2";1;1102;2;0;1;36;1;2019-08-03;5;"0007DFAAED";"PORSANGER"
"920";2019;"august";"T2-2";1;1103;2;0;1;36;1;2019-08-03;5;"0007DFAB04";"PORSANGER"
"921";2019;"august";"T2-2";1;1104;2;0;1;36;1;2019-08-03;5;"0007A5F5D0";"PORSANGER"
"922";2019;"august";"T3-2";1;1024;1;1;0;25;1;2019-08-03;5;"0007A639BB";"PORSANGER"
"923";2019;"august";"T3-2";1;1025;3;1;1;25;1;2019-08-03;5;"0007A63FA3";"PORSANGER"
"924";2019;"august";"T3-2";1;1058;1;1;0;25;1;2019-08-03;5;"0007DFB610";"PORSANGER"
"925";2019;"august";"T3-2";1;1105;2;0;1;25;1;2019-08-03;5;"0007DFAA28";"PORSANGER"
"926";2019;"august";"T3-2";1;1106;2;0;1;25;1;2019-08-03;5;"0007DFABA1";"PORSANGER"
"927";2019;"august";"T3-2";1;1107;2;0;1;25;1;2019-08-03;5;"0007DFAAEA";"PORSANGER"
"928";2019;"august";"T3-2";1;1108;2;0;1;25;1;2019-08-03;5;"0007DFA88E";"PORSANGER"
"929";2019;"august";"T3-2";1;1109;2;0;1;25;1;2019-08-03;5;"0007DFB670";"PORSANGER"
"930";2019;"august";"T3-2";1;1128;2;0;1;25;1;2019-08-03;5;"0007DFAA1F";"PORSANGER"
"931";2019;"august";"T3-2";0;1129;2;0;1;19,5;1;2019-08-03;5;"UNM022";"PORSANGER"
"932";2019;"august";"T3-2";1;1130;2;0;1;25;1;2019-08-03;5;"0007DFA897";"PORSANGER"
"933";2019;"august";"T3-2";0;1131;2;0;1;19,5;1;2019-08-03;5;"UNMNA16";"PORSANGER"
"934";2019;"august";"T5-2";1;1020;1;1;0;35;1;2019-08-03;5;"0007A5F82F";"PORSANGER"
"935";2019;"august";"T5-2";1;1021;1;1;0;35;1;2019-08-03;5;"0007A6380D";"PORSANGER"
"936";2019;"august";"T5-2";1;1022;3;1;1;35;1;2019-08-03;5;"0007A63247";"PORSANGER"
"937";2019;"august";"T5-2";1;1023;3;1;1;35;1;2019-08-03;5;"0007DFB7DB";"PORSANGER"
"938";2019;"august";"T5-2";1;1057;3;1;1;35;1;2019-08-03;5;"0007A5E7CC";"PORSANGER"
"939";2019;"august";"T5-2";1;1110;2;0;1;35;1;2019-08-03;5;"0007DFABE1";"PORSANGER"
"940";2019;"august";"T5-2";1;1111;2;0;1;35;1;2019-08-03;5;"0007DFAA33";"PORSANGER"
"941";2019;"august";"T5-2";1;1132;2;0;1;35;1;2019-08-03;5;"0007DFA9F2";"PORSANGER"
"942";2019;"september";"G1";1;537;1;1;0;NA;1;2019-09-10;6;"FB9E8";"MASOY"
"943";2019;"september";"G1";1;538;3;1;1;NA;1;2019-09-10;6;"FA9E4";"MASOY"
"944";2019;"september";"G1";1;539;3;1;1;NA;1;2019-09-10;6;"67705";"MASOY"
"945";2019;"september";"G1";1;540;3;1;1;NA;1;2019-09-10;6;"FA8E0";"MASOY"
"946";2019;"september";"G1";1;541;3;1;1;NA;1;2019-09-10;6;"62BCD";"MASOY"
"947";2019;"september";"G1";1;542;1;1;0;NA;1;2019-09-10;6;"64C4B";"MASOY"
"948";2019;"september";"G1";1;543;1;1;0;NA;1;2019-09-10;6;"FB7BA";"MASOY"
"949";2019;"september";"G1";1;544;3;1;1;NA;1;2019-09-10;6;"FBB52";"MASOY"
"950";2019;"september";"G1";1;545;1;1;0;NA;1;2019-09-10;6;"FA91B";"MASOY"
"951";2019;"september";"G1";1;637;2;0;1;NA;1;2019-09-10;6;"FB833";"MASOY"
"952";2019;"september";"G1";1;638;2;0;1;NA;1;2019-09-10;6;"64C46";"MASOY"
"953";2019;"september";"G1";1;639;2;0;1;NA;1;2019-09-10;6;"FB888";"MASOY"
"954";2019;"september";"G1";1;640;2;0;1;NA;1;2019-09-10;6;"FB829";"MASOY"
"955";2019;"september";"G1";1;641;2;0;1;NA;1;2019-09-10;6;"FABA0";"MASOY"
"956";2019;"september";"G1";1;675;1;1;0;NA;1;2019-09-10;6;"EB21";"MASOY"
"957";2019;"september";"G1";1;676;3;1;1;NA;1;2019-09-10;6;"E2E9";"MASOY"
"958";2019;"september";"G1";1;677;3;1;1;NA;1;2019-09-10;6;"0041";"MASOY"
"959";2019;"september";"G1";1;678;1;1;0;NA;1;2019-09-10;6;"EDAE";"MASOY"
"960";2019;"september";"G1";1;679;1;1;0;NA;1;2019-09-10;6;"F4EE";"MASOY"
"961";2019;"september";"G1";1;680;3;1;1;NA;1;2019-09-10;6;"FAB3";"MASOY"
"962";2019;"september";"G1";1;755;2;0;1;NA;1;2019-09-10;6;"B9E8";"MASOY"
"963";2019;"september";"G1";1;756;2;0;1;NA;1;2019-09-10;6;"FBF0";"MASOY"
"964";2019;"september";"G1";1;757;2;0;1;NA;1;2019-09-10;6;"E9FB";"MASOY"
"965";2019;"september";"G1";1;758;2;0;1;NA;1;2019-09-10;6;"B4E6";"MASOY"
"966";2019;"september";"G1";1;759;2;0;1;NA;1;2019-09-10;6;"FEEB";"MASOY"
"967";2019;"september";"G1";1;760;2;0;1;NA;1;2019-09-10;6;"A87D";"MASOY"
"968";2019;"september";"G11";1;563;1;1;0;NA;1;2019-09-10;6;"5F584";"MASOY"
"969";2019;"september";"G11";1;564;1;1;0;NA;1;2019-09-10;6;"FAA74";"MASOY"
"970";2019;"september";"G11";1;565;1;1;0;NA;1;2019-09-10;6;"FAB0F";"MASOY"
"971";2019;"september";"G11";1;566;3;1;1;NA;1;2019-09-10;6;"FABF7";"MASOY"
"972";2019;"september";"G11";1;567;1;1;0;NA;1;2019-09-10;6;"5EA70";"MASOY"
"973";2019;"september";"G11";1;568;3;1;1;NA;1;2019-09-10;6;"FABE6";"MASOY"
"974";2019;"september";"G11";1;569;3;1;1;NA;1;2019-09-10;6;"FB569";"MASOY"
"975";2019;"september";"G11";1;570;1;1;0;NA;1;2019-09-10;6;"B79D";"MASOY"
"976";2019;"september";"G11";1;623;2;0;1;NA;1;2019-09-10;6;"FBC17";"MASOY"
"977";2019;"september";"G11";1;624;2;0;1;NA;1;2019-09-10;6;"FABDD";"MASOY"
"978";2019;"september";"G11";1;625;2;0;1;NA;1;2019-09-10;6;"FB893";"MASOY"
"979";2019;"september";"G11";1;691;3;1;1;NA;1;2019-09-10;6;"B46F";"MASOY"
"980";2019;"september";"G11";1;692;3;1;1;NA;1;2019-09-10;6;"A971";"MASOY"
"981";2019;"september";"G11";1;693;3;1;1;NA;1;2019-09-10;6;"B599";"MASOY"
"982";2019;"september";"G11";1;694;1;1;0;NA;1;2019-09-10;6;"B6CF";"MASOY"
"983";2019;"september";"G11";1;695;1;1;0;NA;1;2019-09-10;6;"E9E2";"MASOY"
"984";2019;"september";"G11";1;741;2;0;1;NA;1;2019-09-10;6;"0028";"MASOY"
"985";2019;"september";"G11";1;742;2;0;1;NA;1;2019-09-10;6;"F869";"MASOY"
"986";2019;"september";"G11";1;743;2;0;1;NA;1;2019-09-10;6;"F147";"MASOY"
"987";2019;"september";"G11";1;744;2;0;1;NA;1;2019-09-10;6;"B99D";"MASOY"
"988";2019;"september";"G15";1;571;3;1;1;NA;0,5;2019-09-10;6;"FAA5A";"MASOY"
"989";2019;"september";"G15";1;572;3;1;1;NA;0,5;2019-09-10;6;"6492B";"MASOY"
"990";2019;"september";"G15";1;573;3;1;1;NA;0,5;2019-09-10;6;"FA9DF";"MASOY"
"991";2019;"september";"G15";1;574;1;1;0;NA;0,5;2019-09-10;6;"FA9C5";"MASOY"
"992";2019;"september";"G15";1;575;3;1;1;NA;0,5;2019-09-10;6;"5FB3E";"MASOY"
"993";2019;"september";"G15";1;576;1;1;0;NA;0,5;2019-09-10;6;"FB925";"MASOY"
"994";2019;"september";"G15";1;577;1;1;0;NA;0,5;2019-09-10;6;"FB85D";"MASOY"
"995";2019;"september";"G15";1;578;3;1;1;NA;0,5;2019-09-10;6;"FAC31";"MASOY"
"996";2019;"september";"G15";1;579;3;1;1;NA;0,5;2019-09-10;6;"63DE7";"MASOY"
"997";2019;"september";"G15";1;580;3;1;1;NA;0,5;2019-09-10;6;"64737";"MASOY"
"998";2019;"september";"G15";1;581;3;1;1;NA;0,5;2019-09-10;6;"FAC23";"MASOY"
"999";2019;"september";"G15";1;582;3;1;1;NA;0,5;2019-09-10;6;"5FEA2";"MASOY"
"1000";2019;"september";"G15";1;583;3;1;1;NA;0,5;2019-09-10;6;"6436B";"MASOY"
"1001";2019;"september";"G15";1;584;1;1;0;NA;0,5;2019-09-10;6;"5EFA3";"MASOY"
"1002";2019;"september";"G15";1;619;2;0;1;NA;0,5;2019-09-10;6;"FAB46";"MASOY"
"1003";2019;"september";"G15";1;620;2;0;1;NA;0,5;2019-09-10;6;"600B9";"MASOY"
"1004";2019;"september";"G15";1;621;2;0;1;NA;0,5;2019-09-10;6;"5E9E6";"MASOY"
"1005";2019;"september";"G15";1;622;2;0;1;NA;0,5;2019-09-10;6;"FAB54";"MASOY"
"1006";2019;"september";"G15";1;696;3;1;1;NA;0,5;2019-09-10;6;"E62D";"MASOY"
"1007";2019;"september";"G15";1;697;3;1;1;NA;0,5;2019-09-10;6;"AA1B";"MASOY"
"1008";2019;"september";"G15";1;698;3;1;1;NA;0,5;2019-09-10;6;"4595";"MASOY"
"1009";2019;"september";"G15";1;699;1;1;0;NA;0,5;2019-09-10;6;"AB46";"MASOY"
"1010";2019;"september";"G15";1;700;1;1;0;NA;0,5;2019-09-10;6;"79FA";"MASOY"
"1011";2019;"september";"G15";1;701;3;1;1;NA;0,5;2019-09-10;6;"ABF1";"MASOY"
"1012";2019;"september";"G15";1;702;1;1;0;NA;0,5;2019-09-10;6;"A97D";"MASOY"
"1013";2019;"september";"G15";1;703;1;1;0;NA;0,5;2019-09-10;6;"B741";"MASOY"
"1014";2019;"september";"G15";1;704;1;1;0;NA;0,5;2019-09-10;6;"E9E6";"MASOY"
"1015";2019;"september";"G15";1;705;3;1;1;NA;0,5;2019-09-10;6;"FB9D";"MASOY"
"1016";2019;"september";"G15";1;706;1;1;0;NA;0,5;2019-09-10;6;"F0AA";"MASOY"
"1017";2019;"september";"G15";1;738;2;0;1;NA;0,5;2019-09-10;6;"B4CB";"MASOY"
"1018";2019;"september";"G15";1;739;2;0;1;NA;0,5;2019-09-10;6;"B43B";"MASOY"
"1019";2019;"september";"G15";1;740;2;0;1;NA;0,5;2019-09-10;6;"B441";"MASOY"
"1020";2019;"september";"G16";1;585;1;1;0;NA;0;2019-09-10;6;"5FFB4";"MASOY"
"1021";2019;"september";"G16";1;586;1;1;0;NA;0;2019-09-10;6;"FA949";"MASOY"
"1022";2019;"september";"G16";1;587;1;1;0;NA;0;2019-09-10;6;"FA9D7";"MASOY"
"1023";2019;"september";"G16";1;588;1;1;0;NA;0;2019-09-10;6;"5EAA8";"MASOY"
"1024";2019;"september";"G16";1;589;3;1;1;NA;0;2019-09-10;6;"FBB80";"MASOY"
"1025";2019;"september";"G16";1;590;3;1;1;NA;0;2019-09-10;6;"FAAF4";"MASOY"
"1026";2019;"september";"G16";1;591;3;1;1;NA;0;2019-09-10;6;"FAB2D";"MASOY"
"1027";2019;"september";"G16";1;592;1;1;0;NA;0;2019-09-10;6;"FA95D";"MASOY"
"1028";2019;"september";"G16";1;593;3;1;1;NA;0;2019-09-10;6;"FBBD0";"MASOY"
"1029";2019;"september";"G16";1;594;3;1;1;NA;0;2019-09-10;6;"FBB88";"MASOY"
"1030";2019;"september";"G16";1;595;1;1;0;NA;0;2019-09-10;6;"FAB2A";"MASOY"
"1031";2019;"september";"G16";1;596;3;1;1;NA;0;2019-09-10;6;"5FA7E";"MASOY"
"1032";2019;"september";"G16";1;597;3;1;1;NA;0;2019-09-10;6;"5F047";"MASOY"
"1033";2019;"september";"G16";1;598;1;1;0;NA;0;2019-09-10;6;"5F0BD";"MASOY"
"1034";2019;"september";"G16";1;617;2;0;1;NA;0;2019-09-10;6;"64B97";"MASOY"
"1035";2019;"september";"G16";1;618;2;0;1;NA;0;2019-09-10;6;"63640";"MASOY"
"1036";2019;"september";"G16";1;707;1;1;0;NA;0;2019-09-10;6;"4B97";"MASOY"
"1037";2019;"september";"G16";1;708;3;1;1;NA;0;2019-09-10;6;"EB71";"MASOY"
"1038";2019;"september";"G16";1;709;3;1;1;NA;0;2019-09-10;6;"FAC7";"MASOY"
"1039";2019;"september";"G16";1;710;3;1;1;NA;0;2019-09-10;6;"FD77";"MASOY"
"1040";2019;"september";"G16";1;711;1;1;0;NA;0;2019-09-10;6;"EE65";"MASOY"
"1041";2019;"september";"G16";1;712;3;1;1;NA;0;2019-09-10;6;"39D8";"MASOY"
"1042";2019;"september";"G16";1;713;3;1;1;NA;0;2019-09-10;6;"40D4";"MASOY"
"1043";2019;"september";"G16";1;714;3;1;1;NA;0;2019-09-10;6;"F673";"MASOY"
"1044";2019;"september";"G16";1;715;1;1;0;NA;0;2019-09-10;6;"B5F2";"MASOY"
"1045";2019;"september";"G16";1;716;1;1;0;NA;0;2019-09-10;6;"F963";"MASOY"
"1046";2019;"september";"G16";1;733;2;0;1;NA;0;2019-09-10;6;"EAA8";"MASOY"
"1047";2019;"september";"G16";1;734;2;0;1;NA;0;2019-09-10;6;"A9D7";"MASOY"
"1048";2019;"september";"G16";1;735;2;0;1;NA;0;2019-09-10;6;"A949";"MASOY"
"1049";2019;"september";"G16";1;736;2;0;1;NA;0;2019-09-10;6;"FF84";"MASOY"
"1050";2019;"september";"G16";1;737;2;0;1;NA;0;2019-09-10;6;"F9C3";"MASOY"
"1051";2019;"september";"G19";1;599;3;1;1;NA;1;2019-09-10;6;"5F6BA";"MASOY"
"1052";2019;"september";"G19";1;600;1;1;0;NA;1;2019-09-10;6;"FA97B";"MASOY"
"1053";2019;"september";"G19";1;601;3;1;1;NA;1;2019-09-10;6;"FA8BE";"MASOY"
"1054";2019;"september";"G19";1;602;3;1;1;NA;1;2019-09-10;6;"FBBB9";"MASOY"
"1055";2019;"september";"G19";0;603;1;1;0;NA;1;2019-09-10;6;"UNMFC";"MASOY"
"1056";2019;"september";"G19";1;604;1;1;0;NA;1;2019-09-10;6;"B79C";"MASOY"
"1057";2019;"september";"G19";1;616;2;0;1;NA;1;2019-09-10;6;"FBBB3";"MASOY"
"1058";2019;"september";"G19";1;717;3;1;1;NA;1;2019-09-10;6;"B53A";"MASOY"
"1059";2019;"september";"G19";1;718;1;1;0;NA;1;2019-09-10;6;"B4CD";"MASOY"
"1060";2019;"september";"G19";1;719;3;1;1;NA;1;2019-09-10;6;"B650";"MASOY"
"1061";2019;"september";"G19";1;730;2;0;1;NA;1;2019-09-10;6;"B512";"MASOY"
"1062";2019;"september";"G19";1;731;2;0;1;NA;1;2019-09-10;6;"B693";"MASOY"
"1063";2019;"september";"G19";1;732;2;0;1;NA;1;2019-09-10;6;"FD9C";"MASOY"
"1064";2019;"september";"G2";1;546;3;1;1;NA;1;2019-09-10;6;"FAAD3";"MASOY"
"1065";2019;"september";"G2";1;547;3;1;1;NA;1;2019-09-10;6;"FB8F4";"MASOY"
"1066";2019;"september";"G2";1;548;3;1;1;NA;1;2019-09-10;6;"FA88A";"MASOY"
"1067";2019;"september";"G2";1;549;3;1;1;NA;1;2019-09-10;6;"FA98F";"MASOY"
"1068";2019;"september";"G2";1;550;1;1;0;NA;1;2019-09-10;6;"FAB70";"MASOY"
"1069";2019;"september";"G2";1;551;3;1;1;NA;1;2019-09-10;6;"FAA16";"MASOY"
"1070";2019;"september";"G2";1;552;3;1;1;NA;1;2019-09-10;6;"FAB4D";"MASOY"
"1071";2019;"september";"G2";1;553;1;1;0;NA;1;2019-09-10;6;"FA8F2";"MASOY"
"1072";2019;"september";"G2";1;554;3;1;1;NA;1;2019-09-10;6;"63A42";"MASOY"
"1073";2019;"september";"G2";1;630;2;0;1;NA;1;2019-09-10;6;"FB9B9";"MASOY"
"1074";2019;"september";"G2";1;631;2;0;1;NA;1;2019-09-10;6;"FBB89";"MASOY"
"1075";2019;"september";"G2";1;632;2;0;1;NA;1;2019-09-10;6;"FBB25";"MASOY"
"1076";2019;"september";"G2";1;633;2;0;1;NA;1;2019-09-10;6;"5E485";"MASOY"
"1077";2019;"september";"G2";1;634;2;0;1;NA;1;2019-09-10;6;"FA9C4";"MASOY"
"1078";2019;"september";"G2";1;635;2;0;1;NA;1;2019-09-10;6;"5E5A2";"MASOY"
"1079";2019;"september";"G2";1;636;2;0;1;NA;1;2019-09-10;6;"FBB14";"MASOY"
"1080";2019;"september";"G2";1;681;1;1;0;NA;1;2019-09-10;6;"3DF1";"MASOY"
"1081";2019;"september";"G2";1;682;3;1;1;NA;1;2019-09-10;6;"FE2A";"MASOY"
"1082";2019;"september";"G2";1;683;3;1;1;NA;1;2019-09-10;6;"AC3D";"MASOY"
"1083";2019;"september";"G2";1;684;1;1;0;NA;1;2019-09-10;6;"E405";"MASOY"
"1084";2019;"september";"G2";1;685;1;1;0;NA;1;2019-09-10;6;"E5A2";"MASOY"
"1085";2019;"september";"G2";1;686;1;1;0;NA;1;2019-09-10;6;"AA1A";"MASOY"
"1086";2019;"september";"G2";1;748;2;0;1;NA;1;2019-09-10;6;"B457";"MASOY"
"1087";2019;"september";"G2";1;749;2;0;1;NA;1;2019-09-10;6;"F873";"MASOY"
"1088";2019;"september";"G2";1;750;2;0;1;NA;1;2019-09-10;6;"B6B1";"MASOY"
"1089";2019;"september";"G2";1;751;2;0;1;NA;1;2019-09-10;6;"B514";"MASOY"
"1090";2019;"september";"G2";1;752;2;0;1;NA;1;2019-09-10;6;"B611";"MASOY"
"1091";2019;"september";"G2";1;753;2;0;1;NA;1;2019-09-10;6;"B739";"MASOY"
"1092";2019;"september";"G2";1;754;2;0;1;NA;1;2019-09-10;6;"FB98";"MASOY"
"1093";2019;"september";"G20";1;605;1;1;0;NA;1;2019-09-10;6;"5E8B2";"MASOY"
"1094";2019;"september";"G20";1;606;1;1;0;NA;1;2019-09-10;6;"FAACB";"MASOY"
"1095";2019;"september";"G20";1;607;3;1;1;NA;1;2019-09-10;6;"FBA20";"MASOY"
"1096";2019;"september";"G20";1;608;3;1;1;NA;1;2019-09-10;6;"5FD5F";"MASOY"
"1097";2019;"september";"G20";1;609;3;1;1;NA;1;2019-09-10;6;"FB8EA";"MASOY"
"1098";2019;"september";"G20";1;610;1;1;0;NA;1;2019-09-10;6;"FAACF";"MASOY"
"1099";2019;"september";"G20";1;611;1;1;0;NA;1;2019-09-10;6;"FAB8F";"MASOY"
"1100";2019;"september";"G20";1;612;2;0;1;NA;1;2019-09-10;6;"63F1D";"MASOY"
"1101";2019;"september";"G20";1;613;2;0;1;NA;1;2019-09-10;6;"FAAE9";"MASOY"
"1102";2019;"september";"G20";1;614;2;0;1;NA;1;2019-09-10;6;"5F5CC";"MASOY"
"1103";2019;"september";"G20";1;615;2;0;1;NA;1;2019-09-10;6;"FBA94";"MASOY"
"1104";2019;"september";"G20";1;720;3;1;1;NA;1;2019-09-10;6;"B7DF";"MASOY"
"1105";2019;"september";"G20";1;721;1;1;0;NA;1;2019-09-10;6;"3F1D";"MASOY"
"1106";2019;"september";"G20";1;722;3;1;1;NA;1;2019-09-10;6;"4B91";"MASOY"
"1107";2019;"september";"G20";0;723;1;1;0;NA;0;2019-09-10;6;"UNMFQ";"MASOY"
"1108";2019;"september";"G20";1;724;3;1;1;NA;1;2019-09-10;6;"B7BD";"MASOY"
"1109";2019;"september";"G20";1;725;3;1;1;NA;1;2019-09-10;6;"B68D";"MASOY"
"1110";2019;"september";"G20";1;726;3;1;1;NA;1;2019-09-10;6;"B53E";"MASOY"
"1111";2019;"september";"G20";1;727;1;1;0;NA;1;2019-09-10;6;"F5CC";"MASOY"
"1112";2019;"september";"G20";1;728;2;0;1;NA;1;2019-09-10;6;"E8B2";"MASOY"
"1113";2019;"september";"G20";1;729;2;0;1;NA;1;2019-09-10;6;"E83E";"MASOY"
"1114";2019;"september";"G4";1;555;3;1;1;NA;0,5;2019-09-10;6;"FAA7B";"MASOY"
"1115";2019;"september";"G4";1;556;3;1;1;NA;0,5;2019-09-10;6;"FABD7";"MASOY"
"1116";2019;"september";"G6";1;557;1;1;0;NA;1;2019-09-10;6;"FA9CD";"MASOY"
"1117";2019;"september";"G6";1;558;3;1;1;NA;1;2019-09-10;6;"FABD3";"MASOY"
"1118";2019;"september";"G6";1;559;3;1;1;NA;1;2019-09-10;6;"FBA39";"MASOY"
"1119";2019;"september";"G6";1;629;2;0;1;NA;1;2019-09-10;6;"FBB0D";"MASOY"
"1120";2019;"september";"G6";1;747;2;0;1;NA;1;2019-09-10;6;"7BB3";"MASOY"
"1121";2019;"september";"G8";1;560;3;1;1;NA;0;2019-09-10;6;"FBA3F";"MASOY"
"1122";2019;"september";"G8";1;561;1;1;0;NA;0;2019-09-10;6;"FABBE";"MASOY"
"1123";2019;"september";"G8";1;562;1;1;0;NA;0;2019-09-10;6;"FB86E";"MASOY"
"1124";2019;"september";"G8";1;626;2;0;1;NA;0;2019-09-10;6;"5F653";"MASOY"
"1125";2019;"september";"G8";1;627;2;0;1;NA;0;2019-09-10;6;"FB90E";"MASOY"
"1126";2019;"september";"G8";1;628;2;0;1;NA;0;2019-09-10;6;"FB624";"MASOY"
"1127";2019;"september";"G8";1;687;1;1;0;NA;0;2019-09-10;6;"FB33";"MASOY"
"1128";2019;"september";"G8";1;688;1;1;0;NA;0;2019-09-10;6;"F653";"MASOY"
"1129";2019;"september";"G8";0;689;1;1;0;NA;1;2019-09-10;6;"UNMFY";"MASOY"
"1130";2019;"september";"G8";1;690;3;1;1;NA;0;2019-09-10;6;"E842";"MASOY"
"1131";2019;"september";"G8";1;745;2;0;1;NA;0;2019-09-10;6;"F64D";"MASOY"
"1132";2019;"september";"G8";1;746;2;0;1;NA;0;2019-09-10;6;"4B93";"MASOY"
